"chr","snp_id","pos_M","pos_bp","pop","subpop","iR","log10_pvalue","CHR","P","variant.id","EFF","Effect","Effect_Impact","Functional_Class","Codon_Change","Amino_Acid_Change","Gene_Name","Transcript_BioType","Gene_Coding","Transcript_ID","Exon_Rank.","Genotype_Number"
"Pf3D7_03_v3","Pf3D7_03_v3:71323",0.0528318518518519,71323,1,1,46.5631664482717,11.0520158143505,3,8.87123707826733e-12,"Pf3D7_03_v3.71323","SYNONYMOUS_CODING(LOW|SILENT|ttA/ttG|L199|ACS2|protein_coding|CODING|PF3D7_0301000.1|1)","SYNONYMOUS_CODING","LOW","SILENT","ttA/ttG","L199","ACS2","protein_coding","CODING","PF3D7_0301000.1",1,NA
"Pf3D7_03_v3","Pf3D7_03_v3:71831",0.0532081481481482,71831,1,1,85.3267791963703,15.954589770191,3,1.11022302462516e-16,"Pf3D7_03_v3.71831","NON_SYNONYMOUS_CODING(MODERATE|MISSENSE|gGg/gAg|G30E|ACS2|protein_coding|CODING|PF3D7_0301000.1|1)","NON_SYNONYMOUS_CODING","MODERATE","MISSENSE","gGg/gAg","G30E","ACS2","protein_coding","CODING","PF3D7_0301000.1",1,NA
"Pf3D7_03_v3","Pf3D7_03_v3:74112",0.0548977777777778,74112,1,1,224.45173154955,15.954589770191,3,1.11022302462516e-16,"Pf3D7_03_v3.74112","UPSTREAM(MODIFIER||2193||ACS2|protein_coding|CODING|PF3D7_0301000.1|)","UPSTREAM","MODIFIER","","2193","","ACS2","protein_coding","CODING","PF3D7_0301000.1",NA,NA
"Pf3D7_03_v3","Pf3D7_03_v3:76141",0.0564007407407407,76141,1,1,108.493779631681,15.954589770191,3,1.11022302462516e-16,"Pf3D7_03_v3.76141","UPSTREAM(MODIFIER||4222||ACS2|protein_coding|CODING|PF3D7_0301000.1|)","UPSTREAM","MODIFIER","","4222","","ACS2","protein_coding","CODING","PF3D7_0301000.1",NA,NA
"Pf3D7_03_v3","Pf3D7_03_v3:77174",0.0571659259259259,77174,1,1,22.2139612227683,5.61279913769176,3,2.43893857287958e-06,"Pf3D7_03_v3.77174","SYNONYMOUS_CODING(LOW|SILENT|agC/agT|S157|PF3D7_0301100|protein_coding|CODING|PF3D7_0301100.1|2)","SYNONYMOUS_CODING","LOW","SILENT","agC/agT","S157","PF3D7_0301100","protein_coding","CODING","PF3D7_0301100.1",2,NA
"Pf3D7_03_v3","Pf3D7_03_v3:78721",0.0583118518518519,78721,1,1,32.6275240538081,7.95224720036009,3,1.11622771026276e-08,"Pf3D7_03_v3.78721","NON_SYNONYMOUS_CODING(MODERATE|MISSENSE|Aac/Gac|N512D|FIKK3|protein_coding|CODING|PF3D7_0301200.1|2)","NON_SYNONYMOUS_CODING","MODERATE","MISSENSE","Aac/Gac","N512D","FIKK3","protein_coding","CODING","PF3D7_0301200.1",2,NA
"Pf3D7_03_v3","Pf3D7_03_v3:81449",0.0603325925925926,81449,1,1,23.9636946104638,6.0080233723567,3,9.81695109869563e-07,"Pf3D7_03_v3.81449","UPSTREAM(MODIFIER||1056||FIKK3|protein_coding|CODING|PF3D7_0301200.1|)","UPSTREAM","MODIFIER","","1056","","FIKK3","protein_coding","CODING","PF3D7_0301200.1",NA,NA
"Pf3D7_03_v3","Pf3D7_03_v3:82459",0.0610807407407407,82459,1,1,23.2858624184217,5.85504446376036,3,1.39622540595852e-06,"Pf3D7_03_v3.82459","NON_SYNONYMOUS_CODING(MODERATE|MISSENSE|tGt/tTt|C289F|PF3D7_0301300|protein_coding|CODING|PF3D7_0301300.1|2)","NON_SYNONYMOUS_CODING","MODERATE","MISSENSE","tGt/tTt","C289F","PF3D7_0301300","protein_coding","CODING","PF3D7_0301300.1",2,NA
"Pf3D7_03_v3","Pf3D7_03_v3:85678",0.0634651851851852,85678,1,1,22.2139612227683,5.61279913769176,3,2.43893857287958e-06,"Pf3D7_03_v3.85678","NON_SYNONYMOUS_CODING(MODERATE|MISSENSE|gAa/gGa|E120G|PF3D7_0301400|protein_coding|CODING|PF3D7_0301400.1|2)","NON_SYNONYMOUS_CODING","MODERATE","MISSENSE","gAa/gGa","E120G","PF3D7_0301400","protein_coding","CODING","PF3D7_0301400.1",2,NA
"Pf3D7_03_v3","Pf3D7_03_v3:91158",0.0675244444444444,91158,1,1,51.9266585352735,12.2395060994961,3,5.76094727477994e-13,"Pf3D7_03_v3.91158","NON_SYNONYMOUS_CODING(MODERATE|MISSENSE|tCa/tTa|S719L|GEXP21|protein_coding|CODING|PF3D7_0301600.1|2)","NON_SYNONYMOUS_CODING","MODERATE","MISSENSE","tCa/tTa","S719L","GEXP21","protein_coding","CODING","PF3D7_0301600.1",2,NA
"Pf3D7_03_v3","Pf3D7_03_v3:91560",0.0678222222222222,91560,1,1,22.2139612227683,5.61279913769176,3,2.43893857287958e-06,"Pf3D7_03_v3.91560","NON_SYNONYMOUS_CODING(MODERATE|MISSENSE|tCc/tTc|S585F|GEXP21|protein_coding|CODING|PF3D7_0301600.1|2)","NON_SYNONYMOUS_CODING","MODERATE","MISSENSE","tCc/tTc","S585F","GEXP21","protein_coding","CODING","PF3D7_0301600.1",2,NA
"Pf3D7_03_v3","Pf3D7_03_v3:92778",0.0687244444444444,92778,1,1,87.5634378851171,15.954589770191,3,1.11022302462516e-16,"Pf3D7_03_v3.92778","NON_SYNONYMOUS_CODING(MODERATE|MISSENSE|aGa/aAa|R179K|GEXP21|protein_coding|CODING|PF3D7_0301600.1|2)","NON_SYNONYMOUS_CODING","MODERATE","MISSENSE","aGa/aAa","R179K","GEXP21","protein_coding","CODING","PF3D7_0301600.1",2,NA
"Pf3D7_03_v3","Pf3D7_03_v3:96106",0.0711896296296296,96106,1,1,80.7228023349552,15.954589770191,3,1.11022302462516e-16,"Pf3D7_03_v3.96106","UPSTREAM(MODIFIER||2643||GEXP21|protein_coding|CODING|PF3D7_0301600.1|)","UPSTREAM","MODIFIER","","2643","","GEXP21","protein_coding","CODING","PF3D7_0301600.1",NA,NA
"Pf3D7_03_v3","Pf3D7_03_v3:96107",0.0711903703703704,96107,1,1,356.238461788858,15.954589770191,3,1.11022302462516e-16,"Pf3D7_03_v3.96107","UPSTREAM(MODIFIER||2644||GEXP21|protein_coding|CODING|PF3D7_0301600.1|)","UPSTREAM","MODIFIER","","2644","","GEXP21","protein_coding","CODING","PF3D7_0301600.1",NA,NA
"Pf3D7_03_v3","Pf3D7_03_v3:97476",0.0722044444444444,97476,1,1,151.321811578618,15.954589770191,3,1.11022302462516e-16,"Pf3D7_03_v3.97476","UPSTREAM(MODIFIER||4013||GEXP21|protein_coding|CODING|PF3D7_0301600.1|)","UPSTREAM","MODIFIER","","4013","","GEXP21","protein_coding","CODING","PF3D7_0301600.1",NA,NA
"Pf3D7_03_v3","Pf3D7_03_v3:102065",0.0756037037037037,102065,1,1,66.1259982777836,15.352529778863,3,4.44089209850063e-16,"Pf3D7_03_v3.102065","UPSTREAM(MODIFIER||4158||PF3D7_0301700|protein_coding|CODING|PF3D7_0301700.1|)","UPSTREAM","MODIFIER","","4158","","PF3D7_0301700","protein_coding","CODING","PF3D7_0301700.1",NA,NA
"Pf3D7_03_v3","Pf3D7_03_v3:105102",0.0778533333333333,105102,1,1,71.3218353094798,15.954589770191,3,1.11022302462516e-16,"Pf3D7_03_v3.105102","NON_SYNONYMOUS_CODING(MODERATE|MISSENSE|Tta/Gta|L199V|PF3D7_0301800|protein_coding|CODING|PF3D7_0301800.1|2)","NON_SYNONYMOUS_CODING","MODERATE","MISSENSE","Tta/Gta","L199V","PF3D7_0301800","protein_coding","CODING","PF3D7_0301800.1",2,NA
"Pf3D7_03_v3","Pf3D7_03_v3:106453",0.0788540740740741,106453,1,1,51.2355576023344,12.0865922598461,3,8.19233569870904e-13,"Pf3D7_03_v3.106453","SYNONYMOUS_CODING(LOW|SILENT|aaG/aaA|K219|PF3D7_0301900|protein_coding|CODING|PF3D7_0301900.1|1)","SYNONYMOUS_CODING","LOW","SILENT","aaG/aaA","K219","PF3D7_0301900","protein_coding","CODING","PF3D7_0301900.1",1,NA
"Pf3D7_03_v3","Pf3D7_03_v3:108570",0.0804222222222222,108570,1,1,24.7205418633304,6.17865661373072,3,6.62740309520516e-07,"Pf3D7_03_v3.108570","SYNONYMOUS_CODING(LOW|SILENT|agG/agA|R437|PRP46|protein_coding|CODING|PF3D7_0302000.1|1)","SYNONYMOUS_CODING","LOW","SILENT","agG/agA","R437","PRP46","protein_coding","CODING","PF3D7_0302000.1",1,NA
"Pf3D7_03_v3","Pf3D7_03_v3:108693",0.0805133333333333,108693,1,1,80.8356108196807,15.954589770191,3,1.11022302462516e-16,"Pf3D7_03_v3.108693","SYNONYMOUS_CODING(LOW|SILENT|gtG/gtA|V396|PRP46|protein_coding|CODING|PF3D7_0302000.1|1)","SYNONYMOUS_CODING","LOW","SILENT","gtG/gtA","V396","PRP46","protein_coding","CODING","PF3D7_0302000.1",1,NA
"Pf3D7_03_v3","Pf3D7_03_v3:108717",0.0805311111111111,108717,1,1,21.156482024189,5.373385379968,3,4.23267204663347e-06,"Pf3D7_03_v3.108717","SYNONYMOUS_CODING(LOW|SILENT|ggA/ggG|G388|PRP46|protein_coding|CODING|PF3D7_0302000.1|1)","SYNONYMOUS_CODING","LOW","SILENT","ggA/ggG","G388","PRP46","protein_coding","CODING","PF3D7_0302000.1",1,NA
"Pf3D7_03_v3","Pf3D7_03_v3:109680",0.0812444444444444,109680,1,1,33.3697953884425,8.11805499046168,3,7.61982521524374e-09,"Pf3D7_03_v3.109680","SYNONYMOUS_CODING(LOW|SILENT|aaT/aaC|N67|PRP46|protein_coding|CODING|PF3D7_0302000.1|1)","SYNONYMOUS_CODING","LOW","SILENT","aaT/aaC","N67","PRP46","protein_coding","CODING","PF3D7_0302000.1",1,NA
"Pf3D7_03_v3","Pf3D7_03_v3:115078",0.085242962962963,115078,1,1,49.6803048842285,11.7424288104376,3,1.80955250783654e-12,"Pf3D7_03_v3.115078","NON_SYNONYMOUS_CODING(MODERATE|MISSENSE|Aca/Gca|T337A|SRPK1|protein_coding|CODING|PF3D7_0302100.1|1)","NON_SYNONYMOUS_CODING","MODERATE","MISSENSE","Aca/Gca","T337A","SRPK1","protein_coding","CODING","PF3D7_0302100.1",1,NA
"Pf3D7_03_v3","Pf3D7_03_v3:115079",0.0852437037037037,115079,1,1,49.6803048842285,11.7424288104376,3,1.80955250783654e-12,"Pf3D7_03_v3.115079","NON_SYNONYMOUS_CODING(MODERATE|MISSENSE|aCa/aTa|T337I|SRPK1|protein_coding|CODING|PF3D7_0302100.1|1)","NON_SYNONYMOUS_CODING","MODERATE","MISSENSE","aCa/aTa","T337I","SRPK1","protein_coding","CODING","PF3D7_0302100.1",1,NA
"Pf3D7_03_v3","Pf3D7_03_v3:117471",0.0870155555555556,117471,1,1,137.047680231594,15.954589770191,3,1.11022302462516e-16,"Pf3D7_03_v3.117471","NON_SYNONYMOUS_CODING(MODERATE|MISSENSE|aaC/aaA|N1134K|SRPK1|protein_coding|CODING|PF3D7_0302100.1|1)","NON_SYNONYMOUS_CODING","MODERATE","MISSENSE","aaC/aaA","N1134K","SRPK1","protein_coding","CODING","PF3D7_0302100.1",1,NA
"Pf3D7_03_v3","Pf3D7_03_v3:117765",0.0872333333333333,117765,1,1,42.911175690407,10.2419779447342,3,5.72825120670473e-11,"Pf3D7_03_v3.117765","SYNONYMOUS_CODING(LOW|SILENT|atC/atA|I1232|SRPK1|protein_coding|CODING|PF3D7_0302100.1|1)","SYNONYMOUS_CODING","LOW","SILENT","atC/atA","I1232","SRPK1","protein_coding","CODING","PF3D7_0302100.1",1,NA
"Pf3D7_03_v3","Pf3D7_03_v3:117866",0.0873081481481481,117866,1,1,32.6275240538081,7.95224720036009,3,1.11622771026276e-08,"Pf3D7_03_v3.117866","NON_SYNONYMOUS_CODING(MODERATE|MISSENSE|gAt/gGt|D1266G|SRPK1|protein_coding|CODING|PF3D7_0302100.1|1)","NON_SYNONYMOUS_CODING","MODERATE","MISSENSE","gAt/gGt","D1266G","SRPK1","protein_coding","CODING","PF3D7_0302100.1",1,NA
"Pf3D7_03_v3","Pf3D7_03_v3:118001",0.0874081481481482,118001,1,1,80.8356108196807,15.954589770191,3,1.11022302462516e-16,"Pf3D7_03_v3.118001","NON_SYNONYMOUS_CODING(MODERATE|MISSENSE|aTt/aAt|I1311N|SRPK1|protein_coding|CODING|PF3D7_0302100.1|1)","NON_SYNONYMOUS_CODING","MODERATE","MISSENSE","aTt/aAt","I1311N","SRPK1","protein_coding","CODING","PF3D7_0302100.1",1,NA
"Pf3D7_03_v3","Pf3D7_03_v3:118067",0.087457037037037,118067,1,1,24.7506743801676,6.18544631918638,3,6.5245968305927e-07,"Pf3D7_03_v3.118067","NON_SYNONYMOUS_CODING(MODERATE|MISSENSE|aAc/aCc|N1333T|SRPK1|protein_coding|CODING|PF3D7_0302100.1|1)","NON_SYNONYMOUS_CODING","MODERATE","MISSENSE","aAc/aCc","N1333T","SRPK1","protein_coding","CODING","PF3D7_0302100.1",1,NA
"Pf3D7_03_v3","Pf3D7_03_v3:118075",0.087462962962963,118075,1,1,59.3569262103134,13.8827077628849,3,1.31006316905768e-14,"Pf3D7_03_v3.118075","NON_SYNONYMOUS_CODING(MODERATE|MISSENSE|Gca/Aca|A1336T|SRPK1|protein_coding|CODING|PF3D7_0302100.1|1)","NON_SYNONYMOUS_CODING","MODERATE","MISSENSE","Gca/Aca","A1336T","SRPK1","protein_coding","CODING","PF3D7_0302100.1",1,NA
"Pf3D7_03_v3","Pf3D7_03_v3:118122",0.0874977777777778,118122,1,1,22.2139612227683,5.61279913769176,3,2.43893857287958e-06,"Pf3D7_03_v3.118122","UPSTREAM(MODIFIER||1336||CLAG3.2|protein_coding|CODING|PF3D7_0302200.1|)","UPSTREAM","MODIFIER","","1336","","CLAG3.2","protein_coding","CODING","PF3D7_0302200.1",NA,NA
"Pf3D7_03_v3","Pf3D7_03_v3:118148",0.087517037037037,118148,1,1,59.3569262103134,13.8827077628849,3,1.31006316905768e-14,"Pf3D7_03_v3.118148","UPSTREAM(MODIFIER||1310||CLAG3.2|protein_coding|CODING|PF3D7_0302200.1|)","UPSTREAM","MODIFIER","","1310","","CLAG3.2","protein_coding","CODING","PF3D7_0302200.1",NA,NA
"Pf3D7_03_v3","Pf3D7_03_v3:119398",0.088442962962963,119398,1,1,48.140851721294,11.401568909056,3,3.96671584468322e-12,"Pf3D7_03_v3.119398","UPSTREAM(MODIFIER||60||CLAG3.2|protein_coding|CODING|PF3D7_0302200.1|)","UPSTREAM","MODIFIER","","60","","CLAG3.2","protein_coding","CODING","PF3D7_0302200.1",NA,NA
"Pf3D7_03_v3","Pf3D7_03_v3:119829",0.0887622222222222,119829,1,1,35.6053558572848,8.61686296608716,3,2.41622311047962e-09,"Pf3D7_03_v3.119829","SYNONYMOUS_CODING(LOW|SILENT|ccT/ccC|P124|CLAG3.2|protein_coding|CODING|PF3D7_0302200.1|1)","SYNONYMOUS_CODING","LOW","SILENT","ccT/ccC","P124","CLAG3.2","protein_coding","CODING","PF3D7_0302200.1",1,NA
"Pf3D7_03_v3","Pf3D7_03_v3:119943",0.0888466666666667,119943,1,1,90.778656889157,15.954589770191,3,1.11022302462516e-16,"Pf3D7_03_v3.119943","SYNONYMOUS_CODING(LOW|SILENT|atT/atA|I162|CLAG3.2|protein_coding|CODING|PF3D7_0302200.1|1)","SYNONYMOUS_CODING","LOW","SILENT","atT/atA","I162","CLAG3.2","protein_coding","CODING","PF3D7_0302200.1",1,NA
"Pf3D7_03_v3","Pf3D7_03_v3:120009",0.0888955555555555,120009,1,1,24.8872358787892,6.21621395784592,3,6.07835473620532e-07,"Pf3D7_03_v3.120009","SYNONYMOUS_CODING(LOW|SILENT|gaT/gaC|D184|CLAG3.2|protein_coding|CODING|PF3D7_0302200.1|1)","SYNONYMOUS_CODING","LOW","SILENT","gaT/gaC","D184","CLAG3.2","protein_coding","CODING","PF3D7_0302200.1",1,NA
"Pf3D7_03_v3","Pf3D7_03_v3:120535",0.0892851851851852,120535,1,1,37.0680363302932,8.94279627407918,3,1.14078479995783e-09,"Pf3D7_03_v3.120535","SYNONYMOUS_CODING(LOW|SILENT|aaG/aaA|K329|CLAG3.2|protein_coding|CODING|PF3D7_0302200.1|2)","SYNONYMOUS_CODING","LOW","SILENT","aaG/aaA","K329","CLAG3.2","protein_coding","CODING","PF3D7_0302200.1",2,NA
"Pf3D7_03_v3","Pf3D7_03_v3:121284",0.08984,121284,1,1,54.8886808134701,12.8942697415027,3,1.2756462552943e-13,"Pf3D7_03_v3.121284","NON_SYNONYMOUS_CODING(MODERATE|MISSENSE|Gat/Aat|D506N|CLAG3.2|protein_coding|CODING|PF3D7_0302200.1|4)","NON_SYNONYMOUS_CODING","MODERATE","MISSENSE","Gat/Aat","D506N","CLAG3.2","protein_coding","CODING","PF3D7_0302200.1",4,NA
"Pf3D7_03_v3","Pf3D7_03_v3:121312",0.0898607407407407,121312,1,1,54.9335764680694,12.9042100139295,3,1.24678045665405e-13,"Pf3D7_03_v3.121312","NON_SYNONYMOUS_CODING(MODERATE|MISSENSE|aGc/aAc|S515N|CLAG3.2|protein_coding|CODING|PF3D7_0302200.1|4)","NON_SYNONYMOUS_CODING","MODERATE","MISSENSE","aGc/aAc","S515N","CLAG3.2","protein_coding","CODING","PF3D7_0302200.1",4,NA
"Pf3D7_03_v3","Pf3D7_03_v3:121314",0.0898622222222222,121314,1,1,54.9335764680694,12.9042100139295,3,1.24678045665405e-13,"Pf3D7_03_v3.121314","NON_SYNONYMOUS_CODING(MODERATE|MISSENSE|Tta/Ata|L516I|CLAG3.2|protein_coding|CODING|PF3D7_0302200.1|4)","NON_SYNONYMOUS_CODING","MODERATE","MISSENSE","Tta/Ata","L516I","CLAG3.2","protein_coding","CODING","PF3D7_0302200.1",4,NA
"Pf3D7_03_v3","Pf3D7_03_v3:121885",0.0902851851851852,121885,1,1,62.1723617773417,14.5074317388488,3,3.10862446895044e-15,"Pf3D7_03_v3.121885","NON_SYNONYMOUS_CODING(MODERATE|MISSENSE|aAa/aGa|K617R|CLAG3.2|protein_coding|CODING|PF3D7_0302200.1|6)","NON_SYNONYMOUS_CODING","MODERATE","MISSENSE","aAa/aGa","K617R","CLAG3.2","protein_coding","CODING","PF3D7_0302200.1",6,NA
"Pf3D7_03_v3","Pf3D7_03_v3:122057",0.0904125925925926,122057,1,1,76.5615475390524,15.954589770191,3,1.11022302462516e-16,"Pf3D7_03_v3.122057","NON_SYNONYMOUS_CODING(MODERATE|MISSENSE|Ata/Gta|I642V|CLAG3.2|protein_coding|CODING|PF3D7_0302200.1|7)","NON_SYNONYMOUS_CODING","MODERATE","MISSENSE","Ata/Gta","I642V","CLAG3.2","protein_coding","CODING","PF3D7_0302200.1",7,NA
"Pf3D7_03_v3","Pf3D7_03_v3:122387",0.090657037037037,122387,1,1,20.5072490614002,5.22617084158614,3,5.9405842355309e-06,"Pf3D7_03_v3.122387","SYNONYMOUS_CODING(LOW|SILENT|ttC/ttT|F703|CLAG3.2|protein_coding|CODING|PF3D7_0302200.1|8)","SYNONYMOUS_CODING","LOW","SILENT","ttC/ttT","F703","CLAG3.2","protein_coding","CODING","PF3D7_0302200.1",8,NA
"Pf3D7_03_v3","Pf3D7_03_v3:122394",0.0906622222222222,122394,1,1,55.8443377102434,13.1051703563941,3,7.84927678409984e-14,"Pf3D7_03_v3.122394","SYNONYMOUS_CODING(LOW|SILENT|Tta/Cta|L706|CLAG3.2|protein_coding|CODING|PF3D7_0302200.1|8)","SYNONYMOUS_CODING","LOW","SILENT","Tta/Cta","L706","CLAG3.2","protein_coding","CODING","PF3D7_0302200.1",8,NA
"Pf3D7_03_v3","Pf3D7_03_v3:122447",0.0907014814814815,122447,1,1,28.0887369899449,6.93599795983028,3,1.15878279971504e-07,"Pf3D7_03_v3.122447","SYNONYMOUS_CODING(LOW|SILENT|ctC/ctT|L723|CLAG3.2|protein_coding|CODING|PF3D7_0302200.1|8)","SYNONYMOUS_CODING","LOW","SILENT","ctC/ctT","L723","CLAG3.2","protein_coding","CODING","PF3D7_0302200.1",8,NA
"Pf3D7_03_v3","Pf3D7_03_v3:122609",0.0908214814814815,122609,1,1,121.60722506231,15.954589770191,3,1.11022302462516e-16,"Pf3D7_03_v3.122609","SYNONYMOUS_CODING(LOW|SILENT|atT/atC|I777|CLAG3.2|protein_coding|CODING|PF3D7_0302200.1|8)","SYNONYMOUS_CODING","LOW","SILENT","atT/atC","I777","CLAG3.2","protein_coding","CODING","PF3D7_0302200.1",8,NA
"Pf3D7_03_v3","Pf3D7_03_v3:123691",0.091622962962963,123691,1,1,33.6066158486215,8.17093512441474,3,6.74628797270317e-09,"Pf3D7_03_v3.123691","SYNONYMOUS_CODING(LOW|SILENT|gcT/gcG|A1069|CLAG3.2|protein_coding|CODING|PF3D7_0302200.1|9)","SYNONYMOUS_CODING","LOW","SILENT","gcT/gcG","A1069","CLAG3.2","protein_coding","CODING","PF3D7_0302200.1",9,NA
"Pf3D7_03_v3","Pf3D7_03_v3:123701",0.0916303703703704,123701,1,1,19.6501983505796,5.03154667030742,3,9.29936576210543e-06,"Pf3D7_03_v3.123701","NON_SYNONYMOUS_CODING(MODERATE|MISSENSE|Gcc/Acc|A1073T|CLAG3.2|protein_coding|CODING|PF3D7_0302200.1|9)","NON_SYNONYMOUS_CODING","MODERATE","MISSENSE","Gcc/Acc","A1073T","CLAG3.2","protein_coding","CODING","PF3D7_0302200.1",9,NA
"Pf3D7_03_v3","Pf3D7_03_v3:123886",0.0917674074074074,123886,1,1,20.3103665829254,5.18149120591102,3,6.5842876242339e-06,"Pf3D7_03_v3.123886","SYNONYMOUS_CODING(LOW|SILENT|tcT/tcC|S1134|CLAG3.2|protein_coding|CODING|PF3D7_0302200.1|9)","SYNONYMOUS_CODING","LOW","SILENT","tcT/tcC","S1134","CLAG3.2","protein_coding","CODING","PF3D7_0302200.1",9,NA
"Pf3D7_03_v3","Pf3D7_03_v3:123890",0.0917703703703704,123890,1,1,32.6235411639162,7.95135723789556,3,1.11851744533098e-08,"Pf3D7_03_v3.123890","NON_SYNONYMOUS_CODING(MODERATE|MISSENSE|Caa/Gaa|Q1136E|CLAG3.2|protein_coding|CODING|PF3D7_0302200.1|9)","NON_SYNONYMOUS_CODING","MODERATE","MISSENSE","Caa/Gaa","Q1136E","CLAG3.2","protein_coding","CODING","PF3D7_0302200.1",9,NA
"Pf3D7_03_v3","Pf3D7_03_v3:124720",0.0923851851851852,124720,1,1,60.685852740712,14.1764385198074,3,6.66133814775095e-15,"Pf3D7_03_v3.124720","SYNONYMOUS_CODING(LOW|SILENT|atC/atA|I1412|CLAG3.2|protein_coding|CODING|PF3D7_0302200.1|9)","SYNONYMOUS_CODING","LOW","SILENT","atC/atA","I1412","CLAG3.2","protein_coding","CODING","PF3D7_0302200.1",9,NA
"Pf3D7_03_v3","Pf3D7_03_v3:124721",0.0923859259259259,124721,1,1,60.685852740712,14.1764385198074,3,6.66133814775095e-15,"Pf3D7_03_v3.124721","NON_SYNONYMOUS_CODING(MODERATE|MISSENSE|Gca/Tca|A1413S|CLAG3.2|protein_coding|CODING|PF3D7_0302200.1|9)","NON_SYNONYMOUS_CODING","MODERATE","MISSENSE","Gca/Tca","A1413S","CLAG3.2","protein_coding","CODING","PF3D7_0302200.1",9,NA
"Pf3D7_03_v3","Pf3D7_03_v3:124830",0.0924666666666667,124830,1,1,39.5888114059635,9.50379828659224,3,3.13474135538172e-10,"Pf3D7_03_v3.124830","DOWNSTREAM(MODIFIER||95||CLAG3.2|protein_coding|CODING|PF3D7_0302200.1|)","DOWNSTREAM","MODIFIER","","95","","CLAG3.2","protein_coding","CODING","PF3D7_0302200.1",NA,NA
"Pf3D7_03_v3","Pf3D7_03_v3:128163",0.0949355555555556,128163,1,1,25.6220093504428,6.38166351732662,3,4.15275665299753e-07,"Pf3D7_03_v3.128163","DOWNSTREAM(MODIFIER||3428||CLAG3.2|protein_coding|CODING|PF3D7_0302200.1|)","DOWNSTREAM","MODIFIER","","3428","","CLAG3.2","protein_coding","CODING","PF3D7_0302200.1",NA,NA
"Pf3D7_03_v3","Pf3D7_03_v3:129161",0.0956748148148148,129161,1,1,30.2174745396265,7.4131720039864,3,3.86213985237305e-08,"Pf3D7_03_v3.129161","DOWNSTREAM(MODIFIER||4426||CLAG3.2|protein_coding|CODING|PF3D7_0302200.1|)","DOWNSTREAM","MODIFIER","","4426","","CLAG3.2","protein_coding","CODING","PF3D7_0302200.1",NA,NA
"Pf3D7_03_v3","Pf3D7_03_v3:129584",0.0959881481481482,129584,1,1,27.3424032316692,6.76844709067314,3,1.70432694179823e-07,"Pf3D7_03_v3.129584","DOWNSTREAM(MODIFIER||4849||CLAG3.2|protein_coding|CODING|PF3D7_0302200.1|)","DOWNSTREAM","MODIFIER","","4849","","CLAG3.2","protein_coding","CODING","PF3D7_0302200.1",NA,NA
"Pf3D7_03_v3","Pf3D7_03_v3:129646",0.0960340740740741,129646,1,1,23.8041718900303,5.97203485041082,3,1.06651053455309e-06,"Pf3D7_03_v3.129646","DOWNSTREAM(MODIFIER||4911||CLAG3.2|protein_coding|CODING|PF3D7_0302200.1|)","DOWNSTREAM","MODIFIER","","4911","","CLAG3.2","protein_coding","CODING","PF3D7_0302200.1",NA,NA
"Pf3D7_03_v3","Pf3D7_03_v3:129701",0.0960748148148148,129701,1,1,97.3696975252512,15.954589770191,3,1.11022302462516e-16,"Pf3D7_03_v3.129701","DOWNSTREAM(MODIFIER||4966||CLAG3.2|protein_coding|CODING|PF3D7_0302200.1|)","DOWNSTREAM","MODIFIER","","4966","","CLAG3.2","protein_coding","CODING","PF3D7_0302200.1",NA,NA
"Pf3D7_03_v3","Pf3D7_03_v3:129706",0.0960785185185185,129706,1,1,34.3974477751325,8.34745189772224,3,4.49312087535958e-09,"Pf3D7_03_v3.129706","DOWNSTREAM(MODIFIER||4971||CLAG3.2|protein_coding|CODING|PF3D7_0302200.1|)","DOWNSTREAM","MODIFIER","","4971","","CLAG3.2","protein_coding","CODING","PF3D7_0302200.1",NA,NA
"Pf3D7_03_v3","Pf3D7_03_v3:129931",0.0962451851851852,129931,1,1,29.8341958215621,7.3273318829982,3,4.7061754826494e-08,"Pf3D7_03_v3.129931","DOWNSTREAM(MODIFIER||2401||PF3D7_0302400|lincRNA|NON_CODING|PF3D7_0302400.1|)","DOWNSTREAM","MODIFIER","","2401","","PF3D7_0302400","lincRNA","NON_CODING","PF3D7_0302400.1",NA,NA
"Pf3D7_03_v3","Pf3D7_03_v3:130055",0.096337037037037,130055,1,1,21.38481395046,5.4251177700709,3,3.75735500168783e-06,"Pf3D7_03_v3.130055","DOWNSTREAM(MODIFIER||2277||PF3D7_0302400|lincRNA|NON_CODING|PF3D7_0302400.1|)","DOWNSTREAM","MODIFIER","","2277","","PF3D7_0302400","lincRNA","NON_CODING","PF3D7_0302400.1",NA,NA
"Pf3D7_03_v3","Pf3D7_03_v3:130084",0.0963585185185185,130084,1,1,20.2726738187726,5.17293540176887,3,6.71528730644688e-06,"Pf3D7_03_v3.130084","DOWNSTREAM(MODIFIER||2248||PF3D7_0302400|lincRNA|NON_CODING|PF3D7_0302400.1|)","DOWNSTREAM","MODIFIER","","2248","","PF3D7_0302400","lincRNA","NON_CODING","PF3D7_0302400.1",NA,NA
"Pf3D7_03_v3","Pf3D7_03_v3:130099",0.0963696296296296,130099,1,1,21.6311955786761,5.48091578545827,3,3.30433609585512e-06,"Pf3D7_03_v3.130099","DOWNSTREAM(MODIFIER||2233||PF3D7_0302400|lincRNA|NON_CODING|PF3D7_0302400.1|)","DOWNSTREAM","MODIFIER","","2233","","PF3D7_0302400","lincRNA","NON_CODING","PF3D7_0302400.1",NA,NA
"Pf3D7_03_v3","Pf3D7_03_v3:132693",0.0982911111111111,132693,1,1,167.26369535993,15.954589770191,3,1.11022302462516e-16,"Pf3D7_03_v3.132693","UPSTREAM(MODIFIER||2458||PF3D7_0302300|transcribed_processed_pseudogene|NON_CODING|PF3D7_0302300.1|)","UPSTREAM","MODIFIER","","2458","","PF3D7_0302300","transcribed_processed_pseudogene","NON_CODING","PF3D7_0302300.1",NA,NA
"Pf3D7_03_v3","Pf3D7_03_v3:135622",0.100460740740741,135622,1,1,20.1228430809327,5.13891927403334,3,7.26240937398703e-06,"Pf3D7_03_v3.135622","NON_SYNONYMOUS_CODING(MODERATE|MISSENSE|Cat/Tat|H69Y|CLAG3.1|protein_coding|CODING|PF3D7_0302500.1|1)","NON_SYNONYMOUS_CODING","MODERATE","MISSENSE","Cat/Tat","H69Y","CLAG3.1","protein_coding","CODING","PF3D7_0302500.1",1,NA
"Pf3D7_03_v3","Pf3D7_03_v3:139720",0.103496296296296,139720,1,1,22.942242438282,5.77743294153369,3,1.66942555968053e-06,"Pf3D7_03_v3.139720","NON_SYNONYMOUS_CODING(MODERATE|MISSENSE|tTt/tAt|F1105Y|CLAG3.1|protein_coding|CODING|PF3D7_0302500.1|9)","NON_SYNONYMOUS_CODING","MODERATE","MISSENSE","tTt/tAt","F1105Y","CLAG3.1","protein_coding","CODING","PF3D7_0302500.1",9,NA
"Pf3D7_03_v3","Pf3D7_03_v3:140739",0.104251111111111,140739,1,1,39.5690706358586,9.49940827198325,3,3.16658921306611e-10,"Pf3D7_03_v3.140739","UPSTREAM(MODIFIER||817||ABCB4|protein_coding|CODING|PF3D7_0302600.1|)","UPSTREAM","MODIFIER","","817","","ABCB4","protein_coding","CODING","PF3D7_0302600.1",NA,NA
"Pf3D7_04_v3","Pf3D7_04_v3:633526",0.469278518518519,633526,1,1,19.8308535506478,5.07259918003722,4,8.4605933177162e-06,"Pf3D7_04_v3.633526","UPSTREAM(MODIFIER||400||PF3D7_0414000|protein_coding|CODING|PF3D7_0414000.1|)","UPSTREAM","MODIFIER","","400","","PF3D7_0414000","protein_coding","CODING","PF3D7_0414000.1",NA,NA
"Pf3D7_06_v3","Pf3D7_06_v3:756148",0.56010962962963,756148,1,1,21.1202186968912,5.36516733615641,6,4.31352842078514e-06,"Pf3D7_06_v3.756148","UPSTREAM(MODIFIER||2461||PF3D7_0618000|protein_coding|CODING|PF3D7_0618000.1|)","UPSTREAM","MODIFIER","","2461","","PF3D7_0618000","protein_coding","CODING","PF3D7_0618000.1",NA,NA
"Pf3D7_06_v3","Pf3D7_06_v3:770137",0.570471851851852,770137,1,1,31.3010048430735,7.65567602991635,6,2.20965244990268e-08,"Pf3D7_06_v3.770137","UPSTREAM(MODIFIER||4645||PF3D7_0618200|protein_coding|CODING|PF3D7_0618200.1|)","UPSTREAM","MODIFIER","","4645","","PF3D7_0618200","protein_coding","CODING","PF3D7_0618200.1",NA,NA
"Pf3D7_06_v3","Pf3D7_06_v3:774384",0.573617777777778,774384,1,1,23.4972781577711,5.90277529048834,6,1.25090609759404e-06,"Pf3D7_06_v3.774384","UPSTREAM(MODIFIER||1878||PF3D7_0618400|protein_coding|CODING|PF3D7_0618400.1|)","UPSTREAM","MODIFIER","","1878","","PF3D7_0618400","protein_coding","CODING","PF3D7_0618400.1",NA,NA
"Pf3D7_06_v3","Pf3D7_06_v3:776066",0.574863703703704,776066,1,1,23.3151077528495,5.8616480328345,6,1.3751559971853e-06,"Pf3D7_06_v3.776066","NON_SYNONYMOUS_CODING(MODERATE|MISSENSE|Gat/Aat|D247N|ROM10|protein_coding|CODING|PF3D7_0618600.1|8)","NON_SYNONYMOUS_CODING","MODERATE","MISSENSE","Gat/Aat","D247N","ROM10","protein_coding","CODING","PF3D7_0618600.1",8,NA
"Pf3D7_06_v3","Pf3D7_06_v3:784337",0.58099037037037,784337,1,1,31.3010048430735,7.65567602991635,6,2.20965244990268e-08,"Pf3D7_06_v3.784337","UPSTREAM(MODIFIER||1041||PF3D7_0618800|protein_coding|CODING|PF3D7_0618800.1|)","UPSTREAM","MODIFIER","","1041","","PF3D7_0618800","protein_coding","CODING","PF3D7_0618800.1",NA,NA
"Pf3D7_06_v3","Pf3D7_06_v3:795136",0.58898962962963,795136,1,1,23.4871389815406,5.90048654356716,6,1.25751581736555e-06,"Pf3D7_06_v3.795136","UPSTREAM(MODIFIER||2075||PF3D7_0619100|protein_coding|CODING|PF3D7_0619100.1|)","UPSTREAM","MODIFIER","","2075","","PF3D7_0619100","protein_coding","CODING","PF3D7_0619100.1",NA,NA
"Pf3D7_06_v3","Pf3D7_06_v3:799289",0.592065925925926,799289,1,1,26.3721678019476,6.55041568658883,6,2.81568659610265e-07,"Pf3D7_06_v3.799289","UPSTREAM(MODIFIER||3264||PF3D7_0619000|protein_coding|CODING|PF3D7_0619000.2|)","UPSTREAM","MODIFIER","","3264","","PF3D7_0619000","protein_coding","CODING","PF3D7_0619000.2",NA,NA
"Pf3D7_06_v3","Pf3D7_06_v3:1081929",0.801428888888889,1081929,1,1,43.7142589884313,10.4202247419523,6,3.79992703969378e-11,"Pf3D7_06_v3.1081929","UPSTREAM(MODIFIER||981||PF3D7_0626900|protein_coding|CODING|PF3D7_0626900.1|)","UPSTREAM","MODIFIER","","981","","PF3D7_0626900","protein_coding","CODING","PF3D7_0626900.1",NA,NA
"Pf3D7_06_v3","Pf3D7_06_v3:1085470",0.804051851851852,1085470,1,1,21.5431098925708,5.46096984109546,6,3.45963401882088e-06,"Pf3D7_06_v3.1085470","UPSTREAM(MODIFIER||630||PF3D7_0627000|protein_coding|CODING|PF3D7_0627000.1|)","UPSTREAM","MODIFIER","","630","","PF3D7_0627000","protein_coding","CODING","PF3D7_0627000.1",NA,NA
"Pf3D7_06_v3","Pf3D7_06_v3:1091362",0.808416296296296,1091362,1,1,21.5366374073768,5.45950410188157,6,3.47132997224886e-06,"Pf3D7_06_v3.1091362","NON_SYNONYMOUS_CODING(MODERATE|MISSENSE|Gcc/Tcc|A725S|PF3D7_0627100|protein_coding|CODING|PF3D7_0627100.1|1)","NON_SYNONYMOUS_CODING","MODERATE","MISSENSE","Gcc/Tcc","A725S","PF3D7_0627100","protein_coding","CODING","PF3D7_0627100.1",1,NA
"Pf3D7_06_v3","Pf3D7_06_v3:1092754",0.809447407407407,1092754,1,1,33.5068900540963,8.14866833264904,6,7.10119874014481e-09,"Pf3D7_06_v3.1092754","NON_SYNONYMOUS_CODING(MODERATE|MISSENSE|Aca/Cca|T1189P|PF3D7_0627100|protein_coding|CODING|PF3D7_0627100.1|1)","NON_SYNONYMOUS_CODING","MODERATE","MISSENSE","Aca/Cca","T1189P","PF3D7_0627100","protein_coding","CODING","PF3D7_0627100.1",1,NA
"Pf3D7_06_v3","Pf3D7_06_v3:1095325",0.811351851851852,1095325,1,1,28.5172010188889,7.03212569238884,6,9.28697566626723e-08,"Pf3D7_06_v3.1095325","NON_SYNONYMOUS_CODING(MODERATE|MISSENSE|atG/atA|M109I|PF3D7_0627200|protein_coding|CODING|PF3D7_0627200.1|6)","NON_SYNONYMOUS_CODING","MODERATE","MISSENSE","atG/atA","M109I","PF3D7_0627200","protein_coding","CODING","PF3D7_0627200.1",6,NA
"Pf3D7_06_v3","Pf3D7_06_v3:1100190",0.814955555555556,1100190,1,1,31.754438686493,7.75708859412302,6,1.749489764169e-08,"Pf3D7_06_v3.1100190","UPSTREAM(MODIFIER||3817||PF3D7_0627200|protein_coding|CODING|PF3D7_0627200.1|)","UPSTREAM","MODIFIER","","3817","","PF3D7_0627200","protein_coding","CODING","PF3D7_0627200.1",NA,NA
"Pf3D7_06_v3","Pf3D7_06_v3:1113206",0.824597037037037,1113206,1,1,41.2453020916276,9.87200759672245,6,1.3427414735645e-10,"Pf3D7_06_v3.1113206","DOWNSTREAM(MODIFIER||1566||PF3D7_0627700|protein_coding|CODING|PF3D7_0627700.1|)","DOWNSTREAM","MODIFIER","","1566","","PF3D7_0627700","protein_coding","CODING","PF3D7_0627700.1",NA,NA
"Pf3D7_06_v3","Pf3D7_06_v3:1114440",0.825511111111111,1114440,1,1,35.5055666003679,8.59461482396188,6,2.54322729542622e-09,"Pf3D7_06_v3.1114440","DOWNSTREAM(MODIFIER||2800||PF3D7_0627700|protein_coding|CODING|PF3D7_0627700.1|)","DOWNSTREAM","MODIFIER","","2800","","PF3D7_0627700","protein_coding","CODING","PF3D7_0627700.1",NA,NA
"Pf3D7_06_v3","Pf3D7_06_v3:1114625",0.825648148148148,1114625,1,1,23.0900669700958,5.81082634448422,6,1.54587244327598e-06,"Pf3D7_06_v3.1114625","SYNONYMOUS_CODING(LOW|SILENT|tcT/tcG|S971|ACS|protein_coding|CODING|PF3D7_0627800.1|1)","SYNONYMOUS_CODING","LOW","SILENT","tcT/tcG","S971","ACS","protein_coding","CODING","PF3D7_0627800.1",1,NA
"Pf3D7_06_v3","Pf3D7_06_v3:1115631",0.826393333333333,1115631,1,1,254.685540306112,15.954589770191,6,1.11022302462516e-16,"Pf3D7_06_v3.1115631","NON_SYNONYMOUS_CODING(MODERATE|MISSENSE|aGt/aAt|S636N|ACS|protein_coding|CODING|PF3D7_0627800.1|1)","NON_SYNONYMOUS_CODING","MODERATE","MISSENSE","aGt/aAt","S636N","ACS","protein_coding","CODING","PF3D7_0627800.1",1,NA
"Pf3D7_06_v3","Pf3D7_06_v3:1116992",0.827401481481482,1116992,1,1,254.685540306112,15.954589770191,6,1.11022302462516e-16,"Pf3D7_06_v3.1116992","SYNONYMOUS_CODING(LOW|SILENT|tcT/tcC|S182|ACS|protein_coding|CODING|PF3D7_0627800.1|1)","SYNONYMOUS_CODING","LOW","SILENT","tcT/tcC","S182","ACS","protein_coding","CODING","PF3D7_0627800.1",1,NA
"Pf3D7_06_v3","Pf3D7_06_v3:1117495",0.827774074074074,1117495,1,1,45.8937885409981,10.9036418969096,6,1.24841248450025e-11,"Pf3D7_06_v3.1117495","NON_SYNONYMOUS_CODING(MODERATE|MISSENSE|Tct/Cct|S15P|ACS|protein_coding|CODING|PF3D7_0627800.1|1)","NON_SYNONYMOUS_CODING","MODERATE","MISSENSE","Tct/Cct","S15P","ACS","protein_coding","CODING","PF3D7_0627800.1",1,NA
"Pf3D7_06_v3","Pf3D7_06_v3:1119282",0.829097777777778,1119282,1,1,34.3749585603806,8.34243366825478,6,4.545339549189e-09,"Pf3D7_06_v3.1119282","UPSTREAM(MODIFIER||1745||ACS|protein_coding|CODING|PF3D7_0627800.1|)","UPSTREAM","MODIFIER","","1745","","ACS","protein_coding","CODING","PF3D7_0627800.1",NA,NA
"Pf3D7_06_v3","Pf3D7_06_v3:1120506",0.830004444444444,1120506,1,1,22.5570710859518,5.69038622289723,6,2.03992301162081e-06,"Pf3D7_06_v3.1120506","SYNONYMOUS_CODING(LOW|SILENT|tcG/tcT|S216|POP4|protein_coding|CODING|PF3D7_0627900.1|2)","SYNONYMOUS_CODING","LOW","SILENT","tcG/tcT","S216","POP4","protein_coding","CODING","PF3D7_0627900.1",2,NA
"Pf3D7_06_v3","Pf3D7_06_v3:1125593",0.833772592592593,1125593,1,1,22.5570710859518,5.69038622289723,6,2.03992301162081e-06,"Pf3D7_06_v3.1125593","NON_SYNONYMOUS_CODING(MODERATE|MISSENSE|Cta/Gta|L9358V|PF3D7_0628100|protein_coding|CODING|PF3D7_0628100.1|1)","NON_SYNONYMOUS_CODING","MODERATE","MISSENSE","Cta/Gta","L9358V","PF3D7_0628100","protein_coding","CODING","PF3D7_0628100.1",1,NA
"Pf3D7_06_v3","Pf3D7_06_v3:1127472",0.835164444444444,1127472,1,1,254.685540306112,15.954589770191,6,1.11022302462516e-16,"Pf3D7_06_v3.1127472","SYNONYMOUS_CODING(LOW|SILENT|agG/agA|R8731|PF3D7_0628100|protein_coding|CODING|PF3D7_0628100.1|1)","SYNONYMOUS_CODING","LOW","SILENT","agG/agA","R8731","PF3D7_0628100","protein_coding","CODING","PF3D7_0628100.1",1,NA
"Pf3D7_06_v3","Pf3D7_06_v3:1130698",0.837554074074074,1130698,1,1,20.0010366930414,5.11125797250746,6,7.74001901271415e-06,"Pf3D7_06_v3.1130698","NON_SYNONYMOUS_CODING(MODERATE|MISSENSE|cGa/cCa|R7656P|PF3D7_0628100|protein_coding|CODING|PF3D7_0628100.1|1)","NON_SYNONYMOUS_CODING","MODERATE","MISSENSE","cGa/cCa","R7656P","PF3D7_0628100","protein_coding","CODING","PF3D7_0628100.1",1,NA
"Pf3D7_06_v3","Pf3D7_06_v3:1134020",0.840014814814815,1134020,1,1,39.0117946159421,9.37545718869075,6,4.21252810411944e-10,"Pf3D7_06_v3.1134020","NON_SYNONYMOUS_CODING(MODERATE|MISSENSE|Aaa/Caa|K6549Q|PF3D7_0628100|protein_coding|CODING|PF3D7_0628100.1|1)","NON_SYNONYMOUS_CODING","MODERATE","MISSENSE","Aaa/Caa","K6549Q","PF3D7_0628100","protein_coding","CODING","PF3D7_0628100.1",1,NA
"Pf3D7_06_v3","Pf3D7_06_v3:1137902",0.84289037037037,1137902,1,1,47.3731700930791,11.2315036930282,6,5.86808379665626e-12,"Pf3D7_06_v3.1137902","NON_SYNONYMOUS_CODING(MODERATE|MISSENSE|Gaa/Caa|E5255Q|PF3D7_0628100|protein_coding|CODING|PF3D7_0628100.1|1)","NON_SYNONYMOUS_CODING","MODERATE","MISSENSE","Gaa/Caa","E5255Q","PF3D7_0628100","protein_coding","CODING","PF3D7_0628100.1",1,NA
"Pf3D7_06_v3","Pf3D7_06_v3:1138601",0.843408148148148,1138601,1,1,45.5966682084811,10.8377695793442,6,1.45288225894546e-11,"Pf3D7_06_v3.1138601","NON_SYNONYMOUS_CODING(MODERATE|MISSENSE|Gat/Aat|D5022N|PF3D7_0628100|protein_coding|CODING|PF3D7_0628100.1|1)","NON_SYNONYMOUS_CODING","MODERATE","MISSENSE","Gat/Aat","D5022N","PF3D7_0628100","protein_coding","CODING","PF3D7_0628100.1",1,NA
"Pf3D7_06_v3","Pf3D7_06_v3:1143755",0.847225925925926,1143755,1,1,60.7401853296092,14.1837377585489,6,6.55031584528841e-15,"Pf3D7_06_v3.1143755","NON_SYNONYMOUS_CODING(MODERATE|MISSENSE|Ggt/Agt|G3304S|PF3D7_0628100|protein_coding|CODING|PF3D7_0628100.1|1)","NON_SYNONYMOUS_CODING","MODERATE","MISSENSE","Ggt/Agt","G3304S","PF3D7_0628100","protein_coding","CODING","PF3D7_0628100.1",1,NA
"Pf3D7_06_v3","Pf3D7_06_v3:1149288",0.851324444444444,1149288,1,1,254.685540306112,15.954589770191,6,1.11022302462516e-16,"Pf3D7_06_v3.1149288","NON_SYNONYMOUS_CODING(MODERATE|MISSENSE|atG/atA|M1459I|PF3D7_0628100|protein_coding|CODING|PF3D7_0628100.1|1)","NON_SYNONYMOUS_CODING","MODERATE","MISSENSE","atG/atA","M1459I","PF3D7_0628100","protein_coding","CODING","PF3D7_0628100.1",1,NA
"Pf3D7_06_v3","Pf3D7_06_v3:1160472",0.859608888888889,1160472,1,1,29.4091463297852,7.23209926665466,6,5.86004206271085e-08,"Pf3D7_06_v3.1160472","NON_SYNONYMOUS_CODING(MODERATE|MISSENSE|aAa/aTa|K204I|PK4|protein_coding|CODING|PF3D7_0628200.1|1)","NON_SYNONYMOUS_CODING","MODERATE","MISSENSE","aAa/aTa","K204I","PK4","protein_coding","CODING","PF3D7_0628200.1",1,NA
"Pf3D7_06_v3","Pf3D7_06_v3:1162915",0.861418518518519,1162915,1,1,203.076349468872,15.954589770191,6,1.11022302462516e-16,"Pf3D7_06_v3.1162915","SYNONYMOUS_CODING(LOW|SILENT|ggT/ggC|G1018|PK4|protein_coding|CODING|PF3D7_0628200.1|1)","SYNONYMOUS_CODING","LOW","SILENT","ggT/ggC","G1018","PK4","protein_coding","CODING","PF3D7_0628200.1",1,NA
"Pf3D7_06_v3","Pf3D7_06_v3:1163927",0.862168148148148,1163927,1,1,306.07577973593,15.954589770191,6,1.11022302462516e-16,"Pf3D7_06_v3.1163927","NON_SYNONYMOUS_CODING(MODERATE|MISSENSE|Ttt/Att|F1356I|PK4|protein_coding|CODING|PF3D7_0628200.1|1)","NON_SYNONYMOUS_CODING","MODERATE","MISSENSE","Ttt/Att","F1356I","PK4","protein_coding","CODING","PF3D7_0628200.1",1,NA
"Pf3D7_06_v3","Pf3D7_06_v3:1168979",0.86591037037037,1168979,1,1,26.1007213772488,6.48937065765396,6,3.24062921053247e-07,"Pf3D7_06_v3.1168979","NON_SYNONYMOUS_CODING(MODERATE|MISSENSE|Gat/Aat|D3040N|PK4|protein_coding|CODING|PF3D7_0628200.1|1)","NON_SYNONYMOUS_CODING","MODERATE","MISSENSE","Gat/Aat","D3040N","PK4","protein_coding","CODING","PF3D7_0628200.1",1,NA
"Pf3D7_06_v3","Pf3D7_06_v3:1170942",0.867364444444444,1170942,1,1,57.581450455902,13.4892069187426,6,3.24185123190545e-14,"Pf3D7_06_v3.1170942","SYNONYMOUS_CODING(LOW|SILENT|tcC/tcA|S349|CEPT|protein_coding|CODING|PF3D7_0628300.1|12)","SYNONYMOUS_CODING","LOW","SILENT","tcC/tcA","S349","CEPT","protein_coding","CODING","PF3D7_0628300.1",12,NA
"Pf3D7_06_v3","Pf3D7_06_v3:1177678",0.872354074074074,1177678,1,1,57.581450455902,13.4892069187426,6,3.24185123190545e-14,"Pf3D7_06_v3.1177678","NON_SYNONYMOUS_CODING(MODERATE|MISSENSE|Ttg/Atg|L207M|PF3D7_0628400|protein_coding|CODING|PF3D7_0628400.1|5)","NON_SYNONYMOUS_CODING","MODERATE","MISSENSE","Ttg/Atg","L207M","PF3D7_0628400","protein_coding","CODING","PF3D7_0628400.1",5,NA
"Pf3D7_06_v3","Pf3D7_06_v3:1187117",0.879345925925926,1187117,1,1,50.8718475630387,12.0061279001297,6,9.85989068169602e-13,"Pf3D7_06_v3.1187117","NON_SYNONYMOUS_CODING(MODERATE|MISSENSE|Cat/Tat|H510Y|GATB|protein_coding|CODING|PF3D7_0628800.1|1)","NON_SYNONYMOUS_CODING","MODERATE","MISSENSE","Cat/Tat","H510Y","GATB","protein_coding","CODING","PF3D7_0628800.1",1,NA
"Pf3D7_06_v3","Pf3D7_06_v3:1193139",0.883806666666667,1193139,1,1,59.7858047282698,13.9768661649022,6,1.0547118733939e-14,"Pf3D7_06_v3.1193139","NON_SYNONYMOUS_CODING(MODERATE|MISSENSE|cAt/cCt|H1223P|PF3D7_0628900|protein_coding|CODING|PF3D7_0628900.1|1)","NON_SYNONYMOUS_CODING","MODERATE","MISSENSE","cAt/cCt","H1223P","PF3D7_0628900","protein_coding","CODING","PF3D7_0628900.1",1,NA
"Pf3D7_06_v3","Pf3D7_06_v3:1193349",0.883962222222222,1193349,1,1,255.242249992465,15.954589770191,6,1.11022302462516e-16,"Pf3D7_06_v3.1193349","NON_SYNONYMOUS_CODING(MODERATE|MISSENSE|tTt/tCt|F1293S|PF3D7_0628900|protein_coding|CODING|PF3D7_0628900.1|1)","NON_SYNONYMOUS_CODING","MODERATE","MISSENSE","tTt/tCt","F1293S","PF3D7_0628900","protein_coding","CODING","PF3D7_0628900.1",1,NA
"Pf3D7_06_v3","Pf3D7_06_v3:1195880",0.885837037037037,1195880,1,1,42.7865144722277,10.2143028914409,6,6.10516082133473e-11,"Pf3D7_06_v3.1195880","UPSTREAM(MODIFIER||701||PF3D7_0629000|protein_coding|CODING|PF3D7_0629000.1|)","UPSTREAM","MODIFIER","","701","","PF3D7_0629000","protein_coding","CODING","PF3D7_0629000.1",NA,NA
"Pf3D7_06_v3","Pf3D7_06_v3:1200962",0.889601481481482,1200962,1,1,44.7950627054002,10.6600045151543,6,2.18773887894486e-11,"Pf3D7_06_v3.1200962","NON_SYNONYMOUS_CODING(MODERATE|MISSENSE|Gct/Tct|A12S|PF3D7_0629200|protein_coding|CODING|PF3D7_0629200.1|1)","NON_SYNONYMOUS_CODING","MODERATE","MISSENSE","Gct/Tct","A12S","PF3D7_0629200","protein_coding","CODING","PF3D7_0629200.1",1,NA
"Pf3D7_06_v3","Pf3D7_06_v3:1206442",0.893660740740741,1206442,1,1,21.5617237043754,5.4651849741704,6,3.42621826399103e-06,"Pf3D7_06_v3.1206442","NON_SYNONYMOUS_CODING(MODERATE|MISSENSE|aGt/aAt|S418N|PL|protein_coding|CODING|PF3D7_0629300.1|1)","NON_SYNONYMOUS_CODING","MODERATE","MISSENSE","aGt/aAt","S418N","PL","protein_coding","CODING","PF3D7_0629300.1",1,NA
"Pf3D7_06_v3","Pf3D7_06_v3:1210974",0.897017777777778,1210974,1,1,84.3141081466123,15.954589770191,6,1.11022302462516e-16,"Pf3D7_06_v3.1210974","SYNONYMOUS_CODING(LOW|SILENT|gaA/gaG|E185|PF3D7_0629400|protein_coding|CODING|PF3D7_0629400.1|1)","SYNONYMOUS_CODING","LOW","SILENT","gaA/gaG","E185","PF3D7_0629400","protein_coding","CODING","PF3D7_0629400.1",1,NA
"Pf3D7_06_v3","Pf3D7_06_v3:1232211",0.912748888888889,1232211,1,1,19.7585332439539,5.0561667986622,6,8.78684977134725e-06,"Pf3D7_06_v3.1232211","NON_SYNONYMOUS_CODING(MODERATE|MISSENSE|aAt/aGt|N3424S|SET1|protein_coding|CODING|PF3D7_0629700.1|1)","NON_SYNONYMOUS_CODING","MODERATE","MISSENSE","aAt/aGt","N3424S","SET1","protein_coding","CODING","PF3D7_0629700.1",1,NA
"Pf3D7_08_v3","Pf3D7_08_v3:418377",0.309908888888889,418377,1,1,23.464540900849,5.89538528392789,8,1.27237379499157e-06,"Pf3D7_08_v3.418377","UPSTREAM(MODIFIER||312||PF3D7_0808200|protein_coding|CODING|PF3D7_0808200.1|)","UPSTREAM","MODIFIER","","312","","PF3D7_0808200","protein_coding","CODING","PF3D7_0808200.1",NA,NA
"Pf3D7_08_v3","Pf3D7_08_v3:475037",0.351879259259259,475037,1,1,69.7447168337913,15.954589770191,8,1.11022302462516e-16,"Pf3D7_08_v3.475037","UPSTREAM(MODIFIER||3144||pfa55-14|protein_coding|CODING|PF3D7_0809200.1|)","UPSTREAM","MODIFIER","","3144","","pfa55-14","protein_coding","CODING","PF3D7_0809200.1",NA,NA
"Pf3D7_08_v3","Pf3D7_08_v3:475171",0.351978518518519,475171,1,1,20.6501903959803,5.2585985843387,8,5.51317039854116e-06,"Pf3D7_08_v3.475171","UPSTREAM(MODIFIER||3278||pfa55-14|protein_coding|CODING|PF3D7_0809200.1|)","UPSTREAM","MODIFIER","","3278","","pfa55-14","protein_coding","CODING","PF3D7_0809200.1",NA,NA
"Pf3D7_08_v3","Pf3D7_08_v3:475899",0.352517777777778,475899,1,1,68.2330951405584,15.954589770191,8,1.11022302462516e-16,"Pf3D7_08_v3.475899","SYNONYMOUS_CODING(LOW|SILENT|ttC/ttT|F109|PF3D7_0809400|protein_coding|CODING|PF3D7_0809400.1|1)","SYNONYMOUS_CODING","LOW","SILENT","ttC/ttT","F109","PF3D7_0809400","protein_coding","CODING","PF3D7_0809400.1",1,NA
"Pf3D7_08_v3","Pf3D7_08_v3:476280",0.3528,476280,1,1,36.5548094101227,8.82846869256908,8,1.48433287883165e-09,"Pf3D7_08_v3.476280","NON_SYNONYMOUS_CODING(MODERATE|MISSENSE|aaA/aaC|K236N|PF3D7_0809400|protein_coding|CODING|PF3D7_0809400.1|1)","NON_SYNONYMOUS_CODING","MODERATE","MISSENSE","aaA/aaC","K236N","PF3D7_0809400","protein_coding","CODING","PF3D7_0809400.1",1,NA
"Pf3D7_08_v3","Pf3D7_08_v3:477633",0.353802222222222,477633,1,1,68.2330951405584,15.954589770191,8,1.11022302462516e-16,"Pf3D7_08_v3.477633","SYNONYMOUS_CODING(LOW|SILENT|aaC/aaT|N687|PF3D7_0809400|protein_coding|CODING|PF3D7_0809400.1|1)","SYNONYMOUS_CODING","LOW","SILENT","aaC/aaT","N687","PF3D7_0809400","protein_coding","CODING","PF3D7_0809400.1",1,NA
"Pf3D7_08_v3","Pf3D7_08_v3:481707",0.35682,481707,1,1,24.246781321059,6.07186752145335,8,8.4748589446182e-07,"Pf3D7_08_v3.481707","NON_SYNONYMOUS_CODING(MODERATE|MISSENSE|Aat/Gat|N5226D|PF3D7_0809600|protein_coding|CODING|PF3D7_0809600.1|1)","NON_SYNONYMOUS_CODING","MODERATE","MISSENSE","Aat/Gat","N5226D","PF3D7_0809600","protein_coding","CODING","PF3D7_0809600.1",1,NA
"Pf3D7_08_v3","Pf3D7_08_v3:482147",0.357145925925926,482147,1,1,34.4322182995452,8.35521040069977,8,4.41356573510632e-09,"Pf3D7_08_v3.482147","NON_SYNONYMOUS_CODING(MODERATE|MISSENSE|tAt/tTt|Y5079F|PF3D7_0809600|protein_coding|CODING|PF3D7_0809600.1|1)","NON_SYNONYMOUS_CODING","MODERATE","MISSENSE","tAt/tTt","Y5079F","PF3D7_0809600","protein_coding","CODING","PF3D7_0809600.1",1,NA
"Pf3D7_08_v3","Pf3D7_08_v3:483821",0.358385925925926,483821,1,1,36.9267511896159,8.91132713586352,8,1.22651500067405e-09,"Pf3D7_08_v3.483821","NON_SYNONYMOUS_CODING(MODERATE|MISSENSE|tCt/tTt|S4521F|PF3D7_0809600|protein_coding|CODING|PF3D7_0809600.1|1)","NON_SYNONYMOUS_CODING","MODERATE","MISSENSE","tCt/tTt","S4521F","PF3D7_0809600","protein_coding","CODING","PF3D7_0809600.1",1,NA
"Pf3D7_08_v3","Pf3D7_08_v3:484615",0.358974074074074,484615,1,1,20.5441752648211,5.23454879712935,8,5.8270829828011e-06,"Pf3D7_08_v3.484615","SYNONYMOUS_CODING(LOW|SILENT|tgT/tgC|C4256|PF3D7_0809600|protein_coding|CODING|PF3D7_0809600.1|1)","SYNONYMOUS_CODING","LOW","SILENT","tgT/tgC","C4256","PF3D7_0809600","protein_coding","CODING","PF3D7_0809600.1",1,NA
"Pf3D7_08_v3","Pf3D7_08_v3:484954",0.359225185185185,484954,1,1,24.246781321059,6.07186752145335,8,8.4748589446182e-07,"Pf3D7_08_v3.484954","SYNONYMOUS_CODING(LOW|SILENT|ttT/ttC|F4143|PF3D7_0809600|protein_coding|CODING|PF3D7_0809600.1|1)","SYNONYMOUS_CODING","LOW","SILENT","ttT/ttC","F4143","PF3D7_0809600","protein_coding","CODING","PF3D7_0809600.1",1,NA
"Pf3D7_08_v3","Pf3D7_08_v3:487006",0.360745185185185,487006,1,1,24.3567801964423,6.09666841968252,8,8.00445155157981e-07,"Pf3D7_08_v3.487006","NON_SYNONYMOUS_CODING(MODERATE|MISSENSE|gaA/gaT|E3459D|PF3D7_0809600|protein_coding|CODING|PF3D7_0809600.1|1)","NON_SYNONYMOUS_CODING","MODERATE","MISSENSE","gaA/gaT","E3459D","PF3D7_0809600","protein_coding","CODING","PF3D7_0809600.1",1,NA
"Pf3D7_08_v3","Pf3D7_08_v3:487018",0.360754074074074,487018,1,1,23.0348139536019,5.79834565538075,8,1.59094199081444e-06,"Pf3D7_08_v3.487018","SYNONYMOUS_CODING(LOW|SILENT|aaT/aaC|N3455|PF3D7_0809600|protein_coding|CODING|PF3D7_0809600.1|1)","SYNONYMOUS_CODING","LOW","SILENT","aaT/aaC","N3455","PF3D7_0809600","protein_coding","CODING","PF3D7_0809600.1",1,NA
"Pf3D7_08_v3","Pf3D7_08_v3:488988",0.362213333333333,488988,1,1,29.5530177326918,7.26433821480149,8,5.44078776476553e-08,"Pf3D7_08_v3.488988","NON_SYNONYMOUS_CODING(MODERATE|MISSENSE|Gat/Aat|D2799N|PF3D7_0809600|protein_coding|CODING|PF3D7_0809600.1|1)","NON_SYNONYMOUS_CODING","MODERATE","MISSENSE","Gat/Aat","D2799N","PF3D7_0809600","protein_coding","CODING","PF3D7_0809600.1",1,NA
"Pf3D7_08_v3","Pf3D7_08_v3:489043",0.362254074074074,489043,1,1,74.0785656884008,15.954589770191,8,1.11022302462516e-16,"Pf3D7_08_v3.489043","NON_SYNONYMOUS_CODING(MODERATE|MISSENSE|aaA/aaT|K2780N|PF3D7_0809600|protein_coding|CODING|PF3D7_0809600.1|1)","NON_SYNONYMOUS_CODING","MODERATE","MISSENSE","aaA/aaT","K2780N","PF3D7_0809600","protein_coding","CODING","PF3D7_0809600.1",1,NA
"Pf3D7_08_v3","Pf3D7_08_v3:497873",0.368794814814815,497873,1,1,20.837567007892,5.30109348191082,8,4.9992691409928e-06,"Pf3D7_08_v3.497873","UPSTREAM(MODIFIER||491||PF3D7_0809600|protein_coding|CODING|PF3D7_0809600.1|)","UPSTREAM","MODIFIER","","491","","PF3D7_0809600","protein_coding","CODING","PF3D7_0809600.1",NA,NA
"Pf3D7_10_v3","Pf3D7_10_v3:1413250",1.04685185185185,1413250,1,1,25.5085219167516,6.35611990564185,10,4.40433246207128e-07,"Pf3D7_10_v3.1413250","SYNONYMOUS_CODING(LOW|SILENT|caT/caC|H17|DBLMSP|protein_coding|CODING|PF3D7_1035700.1|1)","SYNONYMOUS_CODING","LOW","SILENT","caT/caC","H17","DBLMSP","protein_coding","CODING","PF3D7_1035700.1",1,NA
"Pf3D7_10_v3","Pf3D7_10_v3:1413618",1.04712444444444,1413618,1,1,40.4644968985943,9.69848951705494,10,2.00221395019185e-10,"Pf3D7_10_v3.1413618","NON_SYNONYMOUS_CODING(MODERATE|MISSENSE|aAt/aGt|N140S|DBLMSP|protein_coding|CODING|PF3D7_1035700.1|1)","NON_SYNONYMOUS_CODING","MODERATE","MISSENSE","aAt/aGt","N140S","DBLMSP","protein_coding","CODING","PF3D7_1035700.1",1,NA
"Pf3D7_10_v3","Pf3D7_10_v3:1417354",1.04989185185185,1417354,1,1,20.9652790915745,5.33004851106785,10,4.67682897786758e-06,"Pf3D7_10_v3.1417354","UPSTREAM(MODIFIER||3179||M712|protein_coding|CODING|PF3D7_1035800.1|)","UPSTREAM","MODIFIER","","3179","","M712","protein_coding","CODING","PF3D7_1035800.1",NA,NA
"Pf3D7_10_v3","Pf3D7_10_v3:1421301",1.05281555555556,1421301,1,1,336.003074502933,15.954589770191,10,1.11022302462516e-16,"Pf3D7_10_v3.1421301","NON_SYNONYMOUS_CODING(MODERATE|MISSENSE|Aac/Tac|N257Y|M712|protein_coding|CODING|PF3D7_1035800.1|1)","NON_SYNONYMOUS_CODING","MODERATE","MISSENSE","Aac/Tac","N257Y","M712","protein_coding","CODING","PF3D7_1035800.1",1,NA
"Pf3D7_10_v3","Pf3D7_10_v3:1421410",1.0528962962963,1421410,1,1,66.330286417602,15.4774685154713,10,3.33066907387547e-16,"Pf3D7_10_v3.1421410","NON_SYNONYMOUS_CODING(MODERATE|MISSENSE|gGc/gAc|G293D|M712|protein_coding|CODING|PF3D7_1035800.1|1)","NON_SYNONYMOUS_CODING","MODERATE","MISSENSE","gGc/gAc","G293D","M712","protein_coding","CODING","PF3D7_1035800.1",1,NA
"Pf3D7_10_v3","Pf3D7_10_v3:1421433",1.05291333333333,1421433,1,1,55.7792210040682,13.0912669100705,10,8.10462807976364e-14,"Pf3D7_10_v3.1421433","NON_SYNONYMOUS_CODING(MODERATE|MISSENSE|Gca/Tca|A301S|M712|protein_coding|CODING|PF3D7_1035800.1|1)","NON_SYNONYMOUS_CODING","MODERATE","MISSENSE","Gca/Tca","A301S","M712","protein_coding","CODING","PF3D7_1035800.1",1,NA
"Pf3D7_10_v3","Pf3D7_10_v3:1421598",1.05303555555556,1421598,1,1,27.3661085228603,6.77377105466569,10,1.68356134366832e-07,"Pf3D7_10_v3.1421598","NON_SYNONYMOUS_CODING(MODERATE|MISSENSE|Agt/Tgt|S356C|M712|protein_coding|CODING|PF3D7_1035800.1|1)","NON_SYNONYMOUS_CODING","MODERATE","MISSENSE","Agt/Tgt","S356C","M712","protein_coding","CODING","PF3D7_1035800.1",1,NA
"Pf3D7_10_v3","Pf3D7_10_v3:1427577",1.05746444444444,1427577,1,1,54.5311972349425,12.8153405526194,10,1.52988732793347e-13,"Pf3D7_10_v3.1427577","NON_SYNONYMOUS_CODING(MODERATE|MISSENSE|Ggg/Agg|G151R|MSP11|protein_coding|CODING|PF3D7_1036000.1|1)","NON_SYNONYMOUS_CODING","MODERATE","MISSENSE","Ggg/Agg","G151R","MSP11","protein_coding","CODING","PF3D7_1036000.1",1,NA
"Pf3D7_10_v3","Pf3D7_10_v3:1427581",1.05746740740741,1427581,1,1,26.8361269588974,6.65470783676646,10,2.21458402727137e-07,"Pf3D7_10_v3.1427581","NON_SYNONYMOUS_CODING(MODERATE|MISSENSE|tCg/tGg|S152W|MSP11|protein_coding|CODING|PF3D7_1036000.1|1)","NON_SYNONYMOUS_CODING","MODERATE","MISSENSE","tCg/tGg","S152W","MSP11","protein_coding","CODING","PF3D7_1036000.1",1,NA
"Pf3D7_10_v3","Pf3D7_10_v3:1427595",1.05747777777778,1427595,1,1,115.633196156576,15.954589770191,10,1.11022302462516e-16,"Pf3D7_10_v3.1427595","NON_SYNONYMOUS_CODING(MODERATE|MISSENSE|Ttt/Att|F157I|MSP11|protein_coding|CODING|PF3D7_1036000.1|1)","NON_SYNONYMOUS_CODING","MODERATE","MISSENSE","Ttt/Att","F157I","MSP11","protein_coding","CODING","PF3D7_1036000.1",1,NA
"Pf3D7_10_v3","Pf3D7_10_v3:1430096",1.05933037037037,1430096,1,1,34.859068106071,8.45043912590087,10,3.54454809947669e-09,"Pf3D7_10_v3.1430096","UPSTREAM(MODIFIER||2402||DBLMSP2|protein_coding|CODING|PF3D7_1036300.1|)","UPSTREAM","MODIFIER","","2402","","DBLMSP2","protein_coding","CODING","PF3D7_1036300.1",NA,NA
"Pf3D7_10_v3","Pf3D7_10_v3:1430312",1.05949037037037,1430312,1,1,21.810947309162,5.52160882137456,10,3.00878516168446e-06,"Pf3D7_10_v3.1430312","UPSTREAM(MODIFIER||2186||DBLMSP2|protein_coding|CODING|PF3D7_1036300.1|)","UPSTREAM","MODIFIER","","2186","","DBLMSP2","protein_coding","CODING","PF3D7_1036300.1",NA,NA
"Pf3D7_10_v3","Pf3D7_10_v3:1431151",1.06011185185185,1431151,1,1,23.4466041568295,5.89133614353863,10,1.28429223411608e-06,"Pf3D7_10_v3.1431151","UPSTREAM(MODIFIER||1347||DBLMSP2|protein_coding|CODING|PF3D7_1036300.1|)","UPSTREAM","MODIFIER","","1347","","DBLMSP2","protein_coding","CODING","PF3D7_1036300.1",NA,NA
"Pf3D7_10_v3","Pf3D7_10_v3:1432783",1.06132074074074,1432783,1,1,32.1967983078083,7.85598607398181,10,1.39320147640731e-08,"Pf3D7_10_v3.1432783","NON_SYNONYMOUS_CODING(MODERATE|MISSENSE|Cat/Tat|H96Y|DBLMSP2|protein_coding|CODING|PF3D7_1036300.1|1)","NON_SYNONYMOUS_CODING","MODERATE","MISSENSE","Cat/Tat","H96Y","DBLMSP2","protein_coding","CODING","PF3D7_1036300.1",1,NA
"Pf3D7_10_v3","Pf3D7_10_v3:1432987",1.06147185185185,1432987,1,1,20.979453295418,5.33326167574219,10,4.64235474828545e-06,"Pf3D7_10_v3.1432987","NON_SYNONYMOUS_CODING(MODERATE|MISSENSE|Act/Gct|T164A|DBLMSP2|protein_coding|CODING|PF3D7_1036300.1|1)","NON_SYNONYMOUS_CODING","MODERATE","MISSENSE","Act/Gct","T164A","DBLMSP2","protein_coding","CODING","PF3D7_1036300.1",1,NA
"Pf3D7_10_v3","Pf3D7_10_v3:1432988",1.06147259259259,1432988,1,1,20.979453295418,5.33326167574219,10,4.64235474828545e-06,"Pf3D7_10_v3.1432988","NON_SYNONYMOUS_CODING(MODERATE|MISSENSE|aCt/aTt|T164I|DBLMSP2|protein_coding|CODING|PF3D7_1036300.1|1)","NON_SYNONYMOUS_CODING","MODERATE","MISSENSE","aCt/aTt","T164I","DBLMSP2","protein_coding","CODING","PF3D7_1036300.1",1,NA
"Pf3D7_10_v3","Pf3D7_10_v3:1433007",1.06148666666667,1433007,1,1,28.5421130571846,7.03771346381558,10,9.16825187990966e-08,"Pf3D7_10_v3.1433007","SYNONYMOUS_CODING(LOW|SILENT|gaC/gaT|D170|DBLMSP2|protein_coding|CODING|PF3D7_1036300.1|1)","SYNONYMOUS_CODING","LOW","SILENT","gaC/gaT","D170","DBLMSP2","protein_coding","CODING","PF3D7_1036300.1",1,NA
"Pf3D7_10_v3","Pf3D7_10_v3:1433389",1.06176962962963,1433389,1,1,24.9209506485092,6.22380909536286,10,5.97297785565054e-07,"Pf3D7_10_v3.1433389","NON_SYNONYMOUS_CODING(MODERATE|MISSENSE|Gaa/Aaa|E298K|DBLMSP2|protein_coding|CODING|PF3D7_1036300.1|1)","NON_SYNONYMOUS_CODING","MODERATE","MISSENSE","Gaa/Aaa","E298K","DBLMSP2","protein_coding","CODING","PF3D7_1036300.1",1,NA
"Pf3D7_10_v3","Pf3D7_10_v3:1433482",1.06183851851852,1433482,1,1,20.0166322319736,5.11479998152539,10,7.67714986427137e-06,"Pf3D7_10_v3.1433482","NON_SYNONYMOUS_CODING(MODERATE|MISSENSE|Cag/Aag|Q329K|DBLMSP2|protein_coding|CODING|PF3D7_1036300.1|1)","NON_SYNONYMOUS_CODING","MODERATE","MISSENSE","Cag/Aag","Q329K","DBLMSP2","protein_coding","CODING","PF3D7_1036300.1",1,NA
"Pf3D7_10_v3","Pf3D7_10_v3:1433493",1.06184666666667,1433493,1,1,24.4991544946747,6.12876311133002,10,7.43424532934078e-07,"Pf3D7_10_v3.1433493","SYNONYMOUS_CODING(LOW|SILENT|aaC/aaT|N332|DBLMSP2|protein_coding|CODING|PF3D7_1036300.1|1)","SYNONYMOUS_CODING","LOW","SILENT","aaC/aaT","N332","DBLMSP2","protein_coding","CODING","PF3D7_1036300.1",1,NA
"Pf3D7_10_v3","Pf3D7_10_v3:1433659",1.06196962962963,1433659,1,1,38.4614488956963,9.25300788448049,10,5.5846005597715e-10,"Pf3D7_10_v3.1433659","NON_SYNONYMOUS_CODING(MODERATE|MISSENSE|Cat/Aat|H388N|DBLMSP2|protein_coding|CODING|PF3D7_1036300.1|1)","NON_SYNONYMOUS_CODING","MODERATE","MISSENSE","Cat/Aat","H388N","DBLMSP2","protein_coding","CODING","PF3D7_1036300.1",1,NA
"Pf3D7_10_v3","Pf3D7_10_v3:1433660",1.06197037037037,1433660,1,1,38.4614488956963,9.25300788448049,10,5.5846005597715e-10,"Pf3D7_10_v3.1433660","NON_SYNONYMOUS_CODING(MODERATE|MISSENSE|cAt/cCt|H388P|DBLMSP2|protein_coding|CODING|PF3D7_1036300.1|1)","NON_SYNONYMOUS_CODING","MODERATE","MISSENSE","cAt/cCt","H388P","DBLMSP2","protein_coding","CODING","PF3D7_1036300.1",1,NA
"Pf3D7_10_v3","Pf3D7_10_v3:1433765",1.06204814814815,1433765,1,1,24.1644455367633,6.05330113436583,10,8.84502094455897e-07,"Pf3D7_10_v3.1433765","NON_SYNONYMOUS_CODING(MODERATE|MISSENSE|aTt/aCt|I423T|DBLMSP2|protein_coding|CODING|PF3D7_1036300.1|1)","NON_SYNONYMOUS_CODING","MODERATE","MISSENSE","aTt/aCt","I423T","DBLMSP2","protein_coding","CODING","PF3D7_1036300.1",1,NA
"Pf3D7_10_v3","Pf3D7_10_v3:1433766",1.06204888888889,1433766,1,1,24.1644455367633,6.05330113436583,10,8.84502094455897e-07,"Pf3D7_10_v3.1433766","SYNONYMOUS_CODING(LOW|SILENT|atT/atA|I423|DBLMSP2|protein_coding|CODING|PF3D7_1036300.1|1)","SYNONYMOUS_CODING","LOW","SILENT","atT/atA","I423","DBLMSP2","protein_coding","CODING","PF3D7_1036300.1",1,NA
"Pf3D7_10_v3","Pf3D7_10_v3:1433812",1.06208296296296,1433812,1,1,39.4887926931021,9.48155499368377,10,3.2994762477756e-10,"Pf3D7_10_v3.1433812","NON_SYNONYMOUS_CODING(MODERATE|MISSENSE|Gaa/Aaa|E439K|DBLMSP2|protein_coding|CODING|PF3D7_1036300.1|1)","NON_SYNONYMOUS_CODING","MODERATE","MISSENSE","Gaa/Aaa","E439K","DBLMSP2","protein_coding","CODING","PF3D7_1036300.1",1,NA
"Pf3D7_10_v3","Pf3D7_10_v3:1433853",1.06211333333333,1433853,1,1,25.6149506269594,6.38007485790619,10,4.16797535263136e-07,"Pf3D7_10_v3.1433853","NON_SYNONYMOUS_CODING(MODERATE|MISSENSE|caA/caC|Q452H|DBLMSP2|protein_coding|CODING|PF3D7_1036300.1|1)","NON_SYNONYMOUS_CODING","MODERATE","MISSENSE","caA/caC","Q452H","DBLMSP2","protein_coding","CODING","PF3D7_1036300.1",1,NA
"Pf3D7_10_v3","Pf3D7_10_v3:1433946",1.06218222222222,1433946,1,1,19.6054039992371,5.02136509580279,10,9.51995519027359e-06,"Pf3D7_10_v3.1433946","SYNONYMOUS_CODING(LOW|SILENT|ccT/ccA|P483|DBLMSP2|protein_coding|CODING|PF3D7_1036300.1|1)","SYNONYMOUS_CODING","LOW","SILENT","ccT/ccA","P483","DBLMSP2","protein_coding","CODING","PF3D7_1036300.1",1,NA
"Pf3D7_10_v3","Pf3D7_10_v3:1433950",1.06218518518519,1433950,1,1,19.6054039992371,5.02136509580279,10,9.51995519027359e-06,"Pf3D7_10_v3.1433950","NON_SYNONYMOUS_CODING(MODERATE|MISSENSE|Cca/Tca|P485S|DBLMSP2|protein_coding|CODING|PF3D7_1036300.1|1)","NON_SYNONYMOUS_CODING","MODERATE","MISSENSE","Cca/Tca","P485S","DBLMSP2","protein_coding","CODING","PF3D7_1036300.1",1,NA
"Pf3D7_10_v3","Pf3D7_10_v3:1434014",1.06223259259259,1434014,1,1,38.7191848625268,9.3103579383483,10,4.89375318046825e-10,"Pf3D7_10_v3.1434014","NON_SYNONYMOUS_CODING(MODERATE|MISSENSE|gTt/gGt|V506G|DBLMSP2|protein_coding|CODING|PF3D7_1036300.1|1)","NON_SYNONYMOUS_CODING","MODERATE","MISSENSE","gTt/gGt","V506G","DBLMSP2","protein_coding","CODING","PF3D7_1036300.1",1,NA
"Pf3D7_10_v3","Pf3D7_10_v3:1434268",1.06242074074074,1434268,1,1,29.448151142275,7.24083998699841,10,5.74328030689131e-08,"Pf3D7_10_v3.1434268","NON_SYNONYMOUS_CODING(MODERATE|MISSENSE|Tgt/Agt|C591S|DBLMSP2|protein_coding|CODING|PF3D7_1036300.1|1)","NON_SYNONYMOUS_CODING","MODERATE","MISSENSE","Tgt/Agt","C591S","DBLMSP2","protein_coding","CODING","PF3D7_1036300.1",1,NA
"Pf3D7_10_v3","Pf3D7_10_v3:1434271",1.06242296296296,1434271,1,1,34.914669313777,8.46284137624227,10,3.44475725722048e-09,"Pf3D7_10_v3.1434271","NON_SYNONYMOUS_CODING(MODERATE|MISSENSE|Gct/Act|A592T|DBLMSP2|protein_coding|CODING|PF3D7_1036300.1|1)","NON_SYNONYMOUS_CODING","MODERATE","MISSENSE","Gct/Act","A592T","DBLMSP2","protein_coding","CODING","PF3D7_1036300.1",1,NA
"Pf3D7_10_v3","Pf3D7_10_v3:1434393",1.06251333333333,1434393,1,1,31.0382274313633,7.59688604267531,10,2.5299617623098e-08,"Pf3D7_10_v3.1434393","NON_SYNONYMOUS_CODING(MODERATE|MISSENSE|gaA/gaT|E632D|DBLMSP2|protein_coding|CODING|PF3D7_1036300.1|1)","NON_SYNONYMOUS_CODING","MODERATE","MISSENSE","gaA/gaT","E632D","DBLMSP2","protein_coding","CODING","PF3D7_1036300.1",1,NA
"Pf3D7_10_v3","Pf3D7_10_v3:1434506",1.06259703703704,1434506,1,1,95.030722480544,15.954589770191,10,1.11022302462516e-16,"Pf3D7_10_v3.1434506","NON_SYNONYMOUS_CODING(MODERATE|MISSENSE|gAa/gTa|E670V|DBLMSP2|protein_coding|CODING|PF3D7_1036300.1|1)","NON_SYNONYMOUS_CODING","MODERATE","MISSENSE","gAa/gTa","E670V","DBLMSP2","protein_coding","CODING","PF3D7_1036300.1",1,NA
"Pf3D7_10_v3","Pf3D7_10_v3:1436454",1.06404,1436454,1,1,58.3495837224199,13.6579245799295,10,2.19824158875781e-14,"Pf3D7_10_v3.1436454","NON_SYNONYMOUS_CODING(MODERATE|MISSENSE|Agg/Tgg|R47W|LSA1|protein_coding|CODING|PF3D7_1036400.1|1)","NON_SYNONYMOUS_CODING","MODERATE","MISSENSE","Agg/Tgg","R47W","LSA1","protein_coding","CODING","PF3D7_1036400.1",1,NA
"Pf3D7_10_v3","Pf3D7_10_v3:1436477",1.06405703703704,1436477,1,1,54.8886808134701,12.8942697415027,10,1.2756462552943e-13,"Pf3D7_10_v3.1436477","NON_SYNONYMOUS_CODING(MODERATE|MISSENSE|aaG/aaT|K54N|LSA1|protein_coding|CODING|PF3D7_1036400.1|1)","NON_SYNONYMOUS_CODING","MODERATE","MISSENSE","aaG/aaT","K54N","LSA1","protein_coding","CODING","PF3D7_1036400.1",1,NA
"Pf3D7_10_v3","Pf3D7_10_v3:1436646",1.06418222222222,1436646,1,1,21.4548079197045,5.440971789257,10,3.62266529629896e-06,"Pf3D7_10_v3.1436646","NON_SYNONYMOUS_CODING(MODERATE|MISSENSE|Ttc/Ctc|F111L|LSA1|protein_coding|CODING|PF3D7_1036400.1|1)","NON_SYNONYMOUS_CODING","MODERATE","MISSENSE","Ttc/Ctc","F111L","LSA1","protein_coding","CODING","PF3D7_1036400.1",1,NA
"Pf3D7_10_v3","Pf3D7_10_v3:1436749",1.06425851851852,1436749,1,1,25.4680375301049,6.34700681934104,10,4.49772792454617e-07,"Pf3D7_10_v3.1436749","NON_SYNONYMOUS_CODING(MODERATE|MISSENSE|aGa/aTa|R145I|LSA1|protein_coding|CODING|PF3D7_1036400.1|1)","NON_SYNONYMOUS_CODING","MODERATE","MISSENSE","aGa/aTa","R145I","LSA1","protein_coding","CODING","PF3D7_1036400.1",1,NA
"Pf3D7_10_v3","Pf3D7_10_v3:1438000",1.06518518518519,1438000,1,1,100.436881653364,15.954589770191,10,1.11022302462516e-16,"Pf3D7_10_v3.1438000","NON_SYNONYMOUS_CODING(MODERATE|MISSENSE|cGt/cTt|R562L|LSA1|protein_coding|CODING|PF3D7_1036400.1|1)","NON_SYNONYMOUS_CODING","MODERATE","MISSENSE","cGt/cTt","R562L","LSA1","protein_coding","CODING","PF3D7_1036400.1",1,NA
"Pf3D7_10_v3","Pf3D7_10_v3:1439079",1.06598444444444,1439079,1,1,36.9831768220109,8.92389542847741,10,1.19152887556595e-09,"Pf3D7_10_v3.1439079","NON_SYNONYMOUS_CODING(MODERATE|MISSENSE|Cgt/Agt|R922S|LSA1|protein_coding|CODING|PF3D7_1036400.1|1)","NON_SYNONYMOUS_CODING","MODERATE","MISSENSE","Cgt/Agt","R922S","LSA1","protein_coding","CODING","PF3D7_1036400.1",1,NA
"Pf3D7_10_v3","Pf3D7_10_v3:1439168",1.06605037037037,1439168,1,1,89.0442978124186,15.954589770191,10,1.11022302462516e-16,"Pf3D7_10_v3.1439168","NON_SYNONYMOUS_CODING(MODERATE|MISSENSE|aaT/aaA|N951K|LSA1|protein_coding|CODING|PF3D7_1036400.1|1)","NON_SYNONYMOUS_CODING","MODERATE","MISSENSE","aaT/aaA","N951K","LSA1","protein_coding","CODING","PF3D7_1036400.1",1,NA
"Pf3D7_10_v3","Pf3D7_10_v3:1440111",1.06674888888889,1440111,1,1,26.6414191931023,6.6109470728338,10,2.4493617256649e-07,"Pf3D7_10_v3.1440111","UPSTREAM(MODIFIER||1790||PF3D7_1036500|protein_coding|CODING|PF3D7_1036500.1|)","UPSTREAM","MODIFIER","","1790","","PF3D7_1036500","protein_coding","CODING","PF3D7_1036500.1",NA,NA
"Pf3D7_10_v3","Pf3D7_10_v3:1442901",1.06881555555556,1442901,1,1,39.4835841872856,9.48039667882108,10,3.30828808792205e-10,"Pf3D7_10_v3.1442901","NON_SYNONYMOUS_CODING(MODERATE|MISSENSE|gGa/gCa|G334A|PF3D7_1036500|protein_coding|CODING|PF3D7_1036500.1|1)","NON_SYNONYMOUS_CODING","MODERATE","MISSENSE","gGa/gCa","G334A","PF3D7_1036500","protein_coding","CODING","PF3D7_1036500.1",1,NA
"Pf3D7_10_v3","Pf3D7_10_v3:1446784",1.07169185185185,1446784,1,1,89.6989600423715,15.954589770191,10,1.11022302462516e-16,"Pf3D7_10_v3.1446784","SYNONYMOUS_CODING(LOW|SILENT|ggA/ggT|G85|PhLP2|protein_coding|CODING|PF3D7_1036700.1|4)","SYNONYMOUS_CODING","LOW","SILENT","ggA/ggT","G85","PhLP2","protein_coding","CODING","PF3D7_1036700.1",4,NA
"Pf3D7_10_v3","Pf3D7_10_v3:1449646",1.07381185185185,1449646,1,1,20.1519792037831,5.14553485769101,10,7.15261982842108e-06,"Pf3D7_10_v3.1449646","NON_SYNONYMOUS_CODING(MODERATE|MISSENSE|aCa/aTa|T459I|PF3D7_1036800|protein_coding|CODING|PF3D7_1036800.1|5)","NON_SYNONYMOUS_CODING","MODERATE","MISSENSE","aCa/aTa","T459I","PF3D7_1036800","protein_coding","CODING","PF3D7_1036800.1",5,NA
"Pf3D7_10_v3","Pf3D7_10_v3:1450946",1.07477481481481,1450946,1,1,38.6714713458759,9.29974160256715,10,5.01485519777134e-10,"Pf3D7_10_v3.1450946","UPSTREAM(MODIFIER||3451||PhLP2|protein_coding|CODING|PF3D7_1036700.1|)","UPSTREAM","MODIFIER","","3451","","PhLP2","protein_coding","CODING","PF3D7_1036700.1",NA,NA
"Pf3D7_10_v3","Pf3D7_10_v3:1450965",1.07478888888889,1450965,1,1,22.5879185683605,5.69735958629987,10,2.00743001632642e-06,"Pf3D7_10_v3.1450965","UPSTREAM(MODIFIER||3470||PhLP2|protein_coding|CODING|PF3D7_1036700.1|)","UPSTREAM","MODIFIER","","3470","","PhLP2","protein_coding","CODING","PF3D7_1036700.1",NA,NA
"Pf3D7_10_v3","Pf3D7_10_v3:1450967",1.07479037037037,1450967,1,1,112.747268261151,15.954589770191,10,1.11022302462516e-16,"Pf3D7_10_v3.1450967","UPSTREAM(MODIFIER||3472||PhLP2|protein_coding|CODING|PF3D7_1036700.1|)","UPSTREAM","MODIFIER","","3472","","PhLP2","protein_coding","CODING","PF3D7_1036700.1",NA,NA
"Pf3D7_10_v3","Pf3D7_10_v3:1455233",1.07795037037037,1455233,1,1,38.6714713458759,9.29974160256715,10,5.01485519777134e-10,"Pf3D7_10_v3.1455233","NON_SYNONYMOUS_CODING(MODERATE|MISSENSE|gCc/gTc|A925V|PF3D7_1036900|protein_coding|CODING|PF3D7_1036900.1|1)","NON_SYNONYMOUS_CODING","MODERATE","MISSENSE","gCc/gTc","A925V","PF3D7_1036900","protein_coding","CODING","PF3D7_1036900.1",1,NA
"Pf3D7_10_v3","Pf3D7_10_v3:1455516",1.07816,1455516,1,1,89.6989600423715,15.954589770191,10,1.11022302462516e-16,"Pf3D7_10_v3.1455516","NON_SYNONYMOUS_CODING(MODERATE|MISSENSE|Caa/Gaa|Q831E|PF3D7_1036900|protein_coding|CODING|PF3D7_1036900.1|1)","NON_SYNONYMOUS_CODING","MODERATE","MISSENSE","Caa/Gaa","Q831E","PF3D7_1036900","protein_coding","CODING","PF3D7_1036900.1",1,NA
"Pf3D7_10_v3","Pf3D7_10_v3:1456333",1.07876518518519,1456333,1,1,89.6989600423715,15.954589770191,10,1.11022302462516e-16,"Pf3D7_10_v3.1456333","SYNONYMOUS_CODING(LOW|SILENT|aaC/aaT|N558|PF3D7_1036900|protein_coding|CODING|PF3D7_1036900.1|1)","SYNONYMOUS_CODING","LOW","SILENT","aaC/aaT","N558","PF3D7_1036900","protein_coding","CODING","PF3D7_1036900.1",1,NA
"Pf3D7_10_v3","Pf3D7_10_v3:1461518",1.08260592592593,1461518,1,1,137.161987515424,15.954589770191,10,1.11022302462516e-16,"Pf3D7_10_v3.1461518","UPSTREAM(MODIFIER||3512||PF3D7_1036900|protein_coding|CODING|PF3D7_1036900.1|)","UPSTREAM","MODIFIER","","3512","","PF3D7_1036900","protein_coding","CODING","PF3D7_1036900.1",NA,NA
"Pf3D7_10_v3","Pf3D7_10_v3:1463519",1.08408814814815,1463519,1,1,63.6862540764338,14.8406464178842,10,1.44328993201271e-15,"Pf3D7_10_v3.1463519","SYNONYMOUS_CODING(LOW|SILENT|aaA/aaG|K215|PF3D7_1037000|protein_coding|CODING|PF3D7_1037000.1|4)","SYNONYMOUS_CODING","LOW","SILENT","aaA/aaG","K215","PF3D7_1037000","protein_coding","CODING","PF3D7_1037000.1",4,NA
"Pf3D7_10_v3","Pf3D7_10_v3:1464359",1.08471037037037,1464359,1,1,135.079327864908,15.954589770191,10,1.11022302462516e-16,"Pf3D7_10_v3.1464359","NON_SYNONYMOUS_CODING(MODERATE|MISSENSE|gaA/gaT|E495D|PF3D7_1037000|protein_coding|CODING|PF3D7_1037000.1|4)","NON_SYNONYMOUS_CODING","MODERATE","MISSENSE","gaA/gaT","E495D","PF3D7_1037000","protein_coding","CODING","PF3D7_1037000.1",4,NA
"Pf3D7_10_v3","Pf3D7_10_v3:1466904",1.08659555555556,1466904,1,1,61.6987130970566,14.3982872694237,10,3.99680288865056e-15,"Pf3D7_10_v3.1466904","NON_SYNONYMOUS_CODING(MODERATE|MISSENSE|Tta/Ata|L1344I|PF3D7_1037000|protein_coding|CODING|PF3D7_1037000.1|4)","NON_SYNONYMOUS_CODING","MODERATE","MISSENSE","Tta/Ata","L1344I","PF3D7_1037000","protein_coding","CODING","PF3D7_1037000.1",4,NA
"Pf3D7_10_v3","Pf3D7_10_v3:1468031",1.08743037037037,1468031,1,1,191.356095668407,15.954589770191,10,1.11022302462516e-16,"Pf3D7_10_v3.1468031","SYNONYMOUS_CODING(LOW|SILENT|gaA/gaG|E1719|PF3D7_1037000|protein_coding|CODING|PF3D7_1037000.1|4)","SYNONYMOUS_CODING","LOW","SILENT","gaA/gaG","E1719","PF3D7_1037000","protein_coding","CODING","PF3D7_1037000.1",4,NA
"Pf3D7_10_v3","Pf3D7_10_v3:1469130",1.08824444444444,1469130,1,1,199.170255672582,15.954589770191,10,1.11022302462516e-16,"Pf3D7_10_v3.1469130","NON_SYNONYMOUS_CODING(MODERATE|MISSENSE|Ctg/Atg|L2086M|PF3D7_1037000|protein_coding|CODING|PF3D7_1037000.1|4)","NON_SYNONYMOUS_CODING","MODERATE","MISSENSE","Ctg/Atg","L2086M","PF3D7_1037000","protein_coding","CODING","PF3D7_1037000.1",4,NA
"Pf3D7_10_v3","Pf3D7_10_v3:1473449",1.0914437037037,1473449,1,1,29.8646731940046,7.33415883566351,10,4.63277453066624e-08,"Pf3D7_10_v3.1473449","UPSTREAM(MODIFIER||1222||PyKII|protein_coding|CODING|PF3D7_1037100.1|)","UPSTREAM","MODIFIER","","1222","","PyKII","protein_coding","CODING","PF3D7_1037100.1",NA,NA
"Pf3D7_10_v3","Pf3D7_10_v3:1473481",1.09146740740741,1473481,1,1,61.6987130970566,14.3982872694237,10,3.99680288865056e-15,"Pf3D7_10_v3.1473481","UPSTREAM(MODIFIER||1254||PyKII|protein_coding|CODING|PF3D7_1037100.1|)","UPSTREAM","MODIFIER","","1254","","PyKII","protein_coding","CODING","PF3D7_1037100.1",NA,NA
"Pf3D7_10_v3","Pf3D7_10_v3:1474536",1.09224888888889,1474536,1,1,199.170255672582,15.954589770191,10,1.11022302462516e-16,"Pf3D7_10_v3.1474536","UPSTREAM(MODIFIER||2309||PyKII|protein_coding|CODING|PF3D7_1037100.1|)","UPSTREAM","MODIFIER","","2309","","PyKII","protein_coding","CODING","PF3D7_1037100.1",NA,NA
"Pf3D7_10_v3","Pf3D7_10_v3:1475201",1.09274148148148,1475201,1,1,98.0727916347473,15.954589770191,10,1.11022302462516e-16,"Pf3D7_10_v3.1475201","SYNONYMOUS_CODING(LOW|SILENT|aaC/aaT|N338|PF3D7_1037200|protein_coding|CODING|PF3D7_1037200.1|8)","SYNONYMOUS_CODING","LOW","SILENT","aaC/aaT","N338","PF3D7_1037200","protein_coding","CODING","PF3D7_1037200.1",8,NA
"Pf3D7_10_v3","Pf3D7_10_v3:1477053",1.09411333333333,1477053,1,1,34.6617337585756,8.40641820506475,10,3.92267018867188e-09,"Pf3D7_10_v3.1477053","UPSTREAM(MODIFIER||4826||PyKII|protein_coding|CODING|PF3D7_1037100.1|)","UPSTREAM","MODIFIER","","4826","","PyKII","protein_coding","CODING","PF3D7_1037100.1",NA,NA
"Pf3D7_10_v3","Pf3D7_10_v3:1481988",1.09776888888889,1481988,1,1,20.5726301385905,5.24100433666053,10,5.74110729378852e-06,"Pf3D7_10_v3.1481988","SYNONYMOUS_CODING(LOW|SILENT|atT/atC|I1122|PF3D7_1037400|protein_coding|CODING|PF3D7_1037400.1|1)","SYNONYMOUS_CODING","LOW","SILENT","atT/atC","I1122","PF3D7_1037400","protein_coding","CODING","PF3D7_1037400.1",1,NA
"Pf3D7_10_v3","Pf3D7_10_v3:1482851",1.09840814814815,1482851,1,1,25.6026002008304,6.3772951957394,10,4.19473765167489e-07,"Pf3D7_10_v3.1482851","NON_SYNONYMOUS_CODING(MODERATE|MISSENSE|Ata/Tta|I835L|PF3D7_1037400|protein_coding|CODING|PF3D7_1037400.1|1)","NON_SYNONYMOUS_CODING","MODERATE","MISSENSE","Ata/Tta","I835L","PF3D7_1037400","protein_coding","CODING","PF3D7_1037400.1",1,NA
"Pf3D7_10_v3","Pf3D7_10_v3:1483626",1.09898222222222,1483626,1,1,415.504779220339,15.954589770191,10,1.11022302462516e-16,"Pf3D7_10_v3.1483626","SYNONYMOUS_CODING(LOW|SILENT|acC/acA|T576|PF3D7_1037400|protein_coding|CODING|PF3D7_1037400.1|1)","SYNONYMOUS_CODING","LOW","SILENT","acC/acA","T576","PF3D7_1037400","protein_coding","CODING","PF3D7_1037400.1",1,NA
"Pf3D7_10_v3","Pf3D7_10_v3:1483988",1.09925037037037,1483988,1,1,289.401096273373,15.954589770191,10,1.11022302462516e-16,"Pf3D7_10_v3.1483988","NON_SYNONYMOUS_CODING(MODERATE|MISSENSE|Aat/Cat|N456H|PF3D7_1037400|protein_coding|CODING|PF3D7_1037400.1|1)","NON_SYNONYMOUS_CODING","MODERATE","MISSENSE","Aat/Cat","N456H","PF3D7_1037400","protein_coding","CODING","PF3D7_1037400.1",1,NA
"Pf3D7_10_v3","Pf3D7_10_v3:1485068",1.10005037037037,1485068,1,1,106.08864724058,15.954589770191,10,1.11022302462516e-16,"Pf3D7_10_v3.1485068","NON_SYNONYMOUS_CODING(MODERATE|MISSENSE|Tct/Act|S96T|PF3D7_1037400|protein_coding|CODING|PF3D7_1037400.1|1)","NON_SYNONYMOUS_CODING","MODERATE","MISSENSE","Tct/Act","S96T","PF3D7_1037400","protein_coding","CODING","PF3D7_1037400.1",1,NA
"Pf3D7_10_v3","Pf3D7_10_v3:1493790",1.10651111111111,1493790,1,1,359.619768423311,15.954589770191,10,1.11022302462516e-16,"Pf3D7_10_v3.1493790","SYNONYMOUS_CODING(LOW|SILENT|atA/atC|I691|PF3D7_1037600|protein_coding|CODING|PF3D7_1037600.1|3)","SYNONYMOUS_CODING","LOW","SILENT","atA/atC","I691","PF3D7_1037600","protein_coding","CODING","PF3D7_1037600.1",3,NA
"Pf3D7_10_v3","Pf3D7_10_v3:1496720",1.10868148148148,1496720,1,1,44.82306887312,10.6662175641108,10,2.1566637364856e-11,"Pf3D7_10_v3.1496720","DOWNSTREAM(MODIFIER||2342||PF3D7_1037600|protein_coding|CODING|PF3D7_1037600.1|)","DOWNSTREAM","MODIFIER","","2342","","PF3D7_1037600","protein_coding","CODING","PF3D7_1037600.1",NA,NA
"Pf3D7_10_v3","Pf3D7_10_v3:1498888",1.11028740740741,1498888,1,1,25.1715513659614,6.28025265411896,10,5.24502238308244e-07,"Pf3D7_10_v3.1498888","SYNONYMOUS_CODING(LOW|SILENT|gcT/gcA|A663|PF3D7_1037800|protein_coding|CODING|PF3D7_1037800.1|10)","SYNONYMOUS_CODING","LOW","SILENT","gcT/gcA","A663","PF3D7_1037800","protein_coding","CODING","PF3D7_1037800.1",10,NA
"Pf3D7_10_v3","Pf3D7_10_v3:1500342",1.11136444444444,1500342,1,1,92.3466442432204,15.954589770191,10,1.11022302462516e-16,"Pf3D7_10_v3.1500342","NON_SYNONYMOUS_CODING(MODERATE|MISSENSE|Ata/Tta|I392L|PF3D7_1037800|protein_coding|CODING|PF3D7_1037800.1|5)","NON_SYNONYMOUS_CODING","MODERATE","MISSENSE","Ata/Tta","I392L","PF3D7_1037800","protein_coding","CODING","PF3D7_1037800.1",5,NA
"Pf3D7_10_v3","Pf3D7_10_v3:1503043",1.11336518518519,1503043,1,1,42.9294487352745,10.246034607978,10,5.67499380821345e-11,"Pf3D7_10_v3.1503043","NON_SYNONYMOUS_CODING(MODERATE|MISSENSE|aAt/aGt|N154S|PF3D7_1037900|protein_coding|CODING|PF3D7_1037900.1|4)","NON_SYNONYMOUS_CODING","MODERATE","MISSENSE","aAt/aGt","N154S","PF3D7_1037900","protein_coding","CODING","PF3D7_1037900.1",4,NA
"Pf3D7_10_v3","Pf3D7_10_v3:1503851",1.1139637037037,1503851,1,1,290.437737423098,15.954589770191,10,1.11022302462516e-16,"Pf3D7_10_v3.1503851","UPSTREAM(MODIFIER||1696||PF3D7_1037800|protein_coding|CODING|PF3D7_1037800.1|)","UPSTREAM","MODIFIER","","1696","","PF3D7_1037800","protein_coding","CODING","PF3D7_1037800.1",NA,NA
"Pf3D7_10_v3","Pf3D7_10_v3:1508533",1.11743185185185,1508533,1,1,145.402216174265,15.954589770191,10,1.11022302462516e-16,"Pf3D7_10_v3.1508533","NON_SYNONYMOUS_CODING(MODERATE|MISSENSE|ttA/ttC|L664F|PF3D7_1038100|protein_coding|CODING|PF3D7_1038100.1|1)","NON_SYNONYMOUS_CODING","MODERATE","MISSENSE","ttA/ttC","L664F","PF3D7_1038100","protein_coding","CODING","PF3D7_1038100.1",1,NA
"Pf3D7_10_v3","Pf3D7_10_v3:1509426",1.11809333333333,1509426,1,1,57.8436666915576,13.5463498048792,10,2.8421709430404e-14,"Pf3D7_10_v3.1509426","SYNONYMOUS_CODING(LOW|SILENT|Cta/Tta|L367|PF3D7_1038100|protein_coding|CODING|PF3D7_1038100.1|1)","SYNONYMOUS_CODING","LOW","SILENT","Cta/Tta","L367","PF3D7_1038100","protein_coding","CODING","PF3D7_1038100.1",1,NA
"Pf3D7_10_v3","Pf3D7_10_v3:1516274",1.12316592592593,1516274,1,1,72.9623746563289,15.954589770191,10,1.11022302462516e-16,"Pf3D7_10_v3.1516274","UPSTREAM(MODIFIER||1858||PF3D7_1038300|protein_coding|CODING|PF3D7_1038300.1|)","UPSTREAM","MODIFIER","","1858","","PF3D7_1038300","protein_coding","CODING","PF3D7_1038300.1",NA,NA
"Pf3D7_10_v3","Pf3D7_10_v3:1518551",1.12485259259259,1518551,1,1,114.675409876227,15.954589770191,10,1.11022302462516e-16,"Pf3D7_10_v3.1518551","UPSTREAM(MODIFIER||4135||PF3D7_1038300|protein_coding|CODING|PF3D7_1038300.1|)","UPSTREAM","MODIFIER","","4135","","PF3D7_1038300","protein_coding","CODING","PF3D7_1038300.1",NA,NA
"Pf3D7_10_v3","Pf3D7_10_v3:1518901",1.12511185185185,1518901,1,1,30.0509653087322,7.37588403002942,10,4.20838990322636e-08,"Pf3D7_10_v3.1518901","UPSTREAM(MODIFIER||4485||PF3D7_1038300|protein_coding|CODING|PF3D7_1038300.1|)","UPSTREAM","MODIFIER","","4485","","PF3D7_1038300","protein_coding","CODING","PF3D7_1038300.1",NA,NA
"Pf3D7_10_v3","Pf3D7_10_v3:1520859",1.12656222222222,1520859,1,1,203.911903409886,15.954589770191,10,1.11022302462516e-16,"Pf3D7_10_v3.1520859","NON_SYNONYMOUS_CODING(MODERATE|MISSENSE|Act/Gct|T576A|Pf11-1|protein_coding|CODING|PF3D7_1038400.1|2)","NON_SYNONYMOUS_CODING","MODERATE","MISSENSE","Act/Gct","T576A","Pf11-1","protein_coding","CODING","PF3D7_1038400.1",2,NA
"Pf3D7_10_v3","Pf3D7_10_v3:1521455",1.1270037037037,1521455,1,1,66.6145426390557,15.4774685154713,10,3.33066907387547e-16,"Pf3D7_10_v3.1521455","SYNONYMOUS_CODING(LOW|SILENT|gtT/gtC|V774|Pf11-1|protein_coding|CODING|PF3D7_1038400.1|2)","SYNONYMOUS_CODING","LOW","SILENT","gtT/gtC","V774","Pf11-1","protein_coding","CODING","PF3D7_1038400.1",2,NA
"Pf3D7_10_v3","Pf3D7_10_v3:1521635",1.12713703703704,1521635,1,1,23.0626374732815,5.80463063640804,10,1.56808414475407e-06,"Pf3D7_10_v3.1521635","SYNONYMOUS_CODING(LOW|SILENT|gaA/gaG|E834|Pf11-1|protein_coding|CODING|PF3D7_1038400.1|2)","SYNONYMOUS_CODING","LOW","SILENT","gaA/gaG","E834","Pf11-1","protein_coding","CODING","PF3D7_1038400.1",2,NA
"Pf3D7_10_v3","Pf3D7_10_v3:1522980",1.12813333333333,1522980,1,1,89.7518005683133,15.954589770191,10,1.11022302462516e-16,"Pf3D7_10_v3.1522980","NON_SYNONYMOUS_CODING(MODERATE|MISSENSE|Caa/Gaa|Q1283E|Pf11-1|protein_coding|CODING|PF3D7_1038400.1|2)","NON_SYNONYMOUS_CODING","MODERATE","MISSENSE","Caa/Gaa","Q1283E","Pf11-1","protein_coding","CODING","PF3D7_1038400.1",2,NA
"Pf3D7_10_v3","Pf3D7_10_v3:1523546",1.12855259259259,1523546,1,1,21.3870347609527,5.42562082649164,10,3.7530052635626e-06,"Pf3D7_10_v3.1523546","SYNONYMOUS_CODING(LOW|SILENT|gcA/gcT|A1471|Pf11-1|protein_coding|CODING|PF3D7_1038400.1|2)","SYNONYMOUS_CODING","LOW","SILENT","gcA/gcT","A1471","Pf11-1","protein_coding","CODING","PF3D7_1038400.1",2,NA
"Pf3D7_10_v3","Pf3D7_10_v3:1524260",1.12908148148148,1524260,1,1,78.1437831843749,15.954589770191,10,1.11022302462516e-16,"Pf3D7_10_v3.1524260","SYNONYMOUS_CODING(LOW|SILENT|gaA/gaG|E1709|Pf11-1|protein_coding|CODING|PF3D7_1038400.1|2)","SYNONYMOUS_CODING","LOW","SILENT","gaA/gaG","E1709","Pf11-1","protein_coding","CODING","PF3D7_1038400.1",2,NA
"Pf3D7_10_v3","Pf3D7_10_v3:1524276",1.12909333333333,1524276,1,1,89.0660873534364,15.954589770191,10,1.11022302462516e-16,"Pf3D7_10_v3.1524276","NON_SYNONYMOUS_CODING(MODERATE|MISSENSE|Atg/Gtg|M1715V|Pf11-1|protein_coding|CODING|PF3D7_1038400.1|2)","NON_SYNONYMOUS_CODING","MODERATE","MISSENSE","Atg/Gtg","M1715V","Pf11-1","protein_coding","CODING","PF3D7_1038400.1",2,NA
"Pf3D7_10_v3","Pf3D7_10_v3:1524278",1.12909481481481,1524278,1,1,21.7172229765724,5.50039266607024,10,3.15941978834555e-06,"Pf3D7_10_v3.1524278","NON_SYNONYMOUS_CODING(MODERATE|MISSENSE|atG/atT|M1715I|Pf11-1|protein_coding|CODING|PF3D7_1038400.1|2)","NON_SYNONYMOUS_CODING","MODERATE","MISSENSE","atG/atT","M1715I","Pf11-1","protein_coding","CODING","PF3D7_1038400.1",2,NA
"Pf3D7_10_v3","Pf3D7_10_v3:1524279",1.12909555555556,1524279,1,1,79.3938828880328,15.954589770191,10,1.11022302462516e-16,"Pf3D7_10_v3.1524279","NON_SYNONYMOUS_CODING(MODERATE|MISSENSE|Gta/Ata|V1716I|Pf11-1|protein_coding|CODING|PF3D7_1038400.1|2)","NON_SYNONYMOUS_CODING","MODERATE","MISSENSE","Gta/Ata","V1716I","Pf11-1","protein_coding","CODING","PF3D7_1038400.1",2,NA
"Pf3D7_10_v3","Pf3D7_10_v3:1526490",1.13073333333333,1526490,1,1,224.187388706158,15.954589770191,10,1.11022302462516e-16,"Pf3D7_10_v3.1526490","NON_SYNONYMOUS_CODING(MODERATE|MISSENSE|Ttt/Gtt|F2453V|Pf11-1|protein_coding|CODING|PF3D7_1038400.1|2)","NON_SYNONYMOUS_CODING","MODERATE","MISSENSE","Ttt/Gtt","F2453V","Pf11-1","protein_coding","CODING","PF3D7_1038400.1",2,NA
"Pf3D7_10_v3","Pf3D7_10_v3:1526977",1.13109407407407,1526977,1,1,150.839176221954,15.954589770191,10,1.11022302462516e-16,"Pf3D7_10_v3.1526977","NON_SYNONYMOUS_CODING(MODERATE|MISSENSE|gAa/gCa|E2615A|Pf11-1|protein_coding|CODING|PF3D7_1038400.1|2)","NON_SYNONYMOUS_CODING","MODERATE","MISSENSE","gAa/gCa","E2615A","Pf11-1","protein_coding","CODING","PF3D7_1038400.1",2,NA
"Pf3D7_10_v3","Pf3D7_10_v3:1528043",1.1318837037037,1528043,1,1,23.9432181526718,6.00340432922895,10,9.92191885207384e-07,"Pf3D7_10_v3.1528043","SYNONYMOUS_CODING(LOW|SILENT|gaA/gaG|E2970|Pf11-1|protein_coding|CODING|PF3D7_1038400.1|2)","SYNONYMOUS_CODING","LOW","SILENT","gaA/gaG","E2970","Pf11-1","protein_coding","CODING","PF3D7_1038400.1",2,NA
"Pf3D7_10_v3","Pf3D7_10_v3:1537710",1.13904444444444,1537710,1,1,74.0444284398583,15.954589770191,10,1.11022302462516e-16,"Pf3D7_10_v3.1537710","NON_SYNONYMOUS_CODING(MODERATE|MISSENSE|Gaa/Caa|E6193Q|Pf11-1|protein_coding|CODING|PF3D7_1038400.1|2)","NON_SYNONYMOUS_CODING","MODERATE","MISSENSE","Gaa/Caa","E6193Q","Pf11-1","protein_coding","CODING","PF3D7_1038400.1",2,NA
"Pf3D7_10_v3","Pf3D7_10_v3:1542790",1.14280740740741,1542790,1,1,432.997412590033,15.954589770191,10,1.11022302462516e-16,"Pf3D7_10_v3.1542790","NON_SYNONYMOUS_CODING(MODERATE|MISSENSE|gTa/gAa|V7886E|Pf11-1|protein_coding|CODING|PF3D7_1038400.1|2)","NON_SYNONYMOUS_CODING","MODERATE","MISSENSE","gTa/gAa","V7886E","Pf11-1","protein_coding","CODING","PF3D7_1038400.1",2,NA
"Pf3D7_10_v3","Pf3D7_10_v3:1547146",1.14603407407407,1547146,1,1,23.8944126872149,5.99239432067624,10,1.01766697069294e-06,"Pf3D7_10_v3.1547146","NON_SYNONYMOUS_CODING(MODERATE|MISSENSE|gCt/gTt|A9338V|Pf11-1|protein_coding|CODING|PF3D7_1038400.1|2)","NON_SYNONYMOUS_CODING","MODERATE","MISSENSE","gCt/gTt","A9338V","Pf11-1","protein_coding","CODING","PF3D7_1038400.1",2,NA
"Pf3D7_10_v3","Pf3D7_10_v3:1547170",1.14605185185185,1547170,1,1,31.7021553349804,7.74539722907941,10,1.79722632331902e-08,"Pf3D7_10_v3.1547170","NON_SYNONYMOUS_CODING(MODERATE|MISSENSE|gCt/gTt|A9346V|Pf11-1|protein_coding|CODING|PF3D7_1038400.1|2)","NON_SYNONYMOUS_CODING","MODERATE","MISSENSE","gCt/gTt","A9346V","Pf11-1","protein_coding","CODING","PF3D7_1038400.1",2,NA
"Pf3D7_10_v3","Pf3D7_10_v3:1548152",1.14677925925926,1548152,1,1,54.8250980942093,12.8801390512364,10,1.31783473023006e-13,"Pf3D7_10_v3.1548152","DOWNSTREAM(MODIFIER||327||Pf11-1|protein_coding|CODING|PF3D7_1038400.1|)","DOWNSTREAM","MODIFIER","","327","","Pf11-1","protein_coding","CODING","PF3D7_1038400.1",NA,NA
"Pf3D7_10_v3","Pf3D7_10_v3:1550084",1.14821037037037,1550084,1,1,21.4122316047186,5.43132825695367,10,3.7040065248295e-06,"Pf3D7_10_v3.1550084","UPSTREAM(MODIFIER||353||PF3D7_1038500|protein_coding|CODING|PF3D7_1038500.1|)","UPSTREAM","MODIFIER","","353","","PF3D7_1038500","protein_coding","CODING","PF3D7_1038500.1",NA,NA
"Pf3D7_10_v3","Pf3D7_10_v3:1550402",1.14844592592593,1550402,1,1,30.0337664721342,7.37203219542964,10,4.2458808691137e-08,"Pf3D7_10_v3.1550402","UPSTREAM(MODIFIER||671||PF3D7_1038500|protein_coding|CODING|PF3D7_1038500.1|)","UPSTREAM","MODIFIER","","671","","PF3D7_1038500","protein_coding","CODING","PF3D7_1038500.1",NA,NA
"Pf3D7_10_v3","Pf3D7_10_v3:1551520",1.14927407407407,1551520,1,1,26.9953018836357,6.69047506407691,10,2.03950575872192e-07,"Pf3D7_10_v3.1551520","NON_SYNONYMOUS_CODING(MODERATE|MISSENSE|Gca/Tca|A512S|PF3D7_1038600|protein_coding|CODING|PF3D7_1038600.1|2)","NON_SYNONYMOUS_CODING","MODERATE","MISSENSE","Gca/Tca","A512S","PF3D7_1038600","protein_coding","CODING","PF3D7_1038600.1",2,NA
"Pf3D7_10_v3","Pf3D7_10_v3:1551526",1.14927851851852,1551526,1,1,26.9953018836357,6.69047506407691,10,2.03950575872192e-07,"Pf3D7_10_v3.1551526","NON_SYNONYMOUS_CODING(MODERATE|MISSENSE|Ata/Gta|I510V|PF3D7_1038600|protein_coding|CODING|PF3D7_1038600.1|2)","NON_SYNONYMOUS_CODING","MODERATE","MISSENSE","Ata/Gta","I510V","PF3D7_1038600","protein_coding","CODING","PF3D7_1038600.1",2,NA
"Pf3D7_10_v3","Pf3D7_10_v3:1553024",1.15038814814815,1553024,1,1,26.606559673455,6.60311128664462,10,2.49395557649912e-07,"Pf3D7_10_v3.1553024","NON_SYNONYMOUS_CODING(MODERATE|MISSENSE|aCt/aTt|T50I|PF3D7_1038600|protein_coding|CODING|PF3D7_1038600.1|1)","NON_SYNONYMOUS_CODING","MODERATE","MISSENSE","aCt/aTt","T50I","PF3D7_1038600","protein_coding","CODING","PF3D7_1038600.1",1,NA
"Pf3D7_10_v3","Pf3D7_10_v3:1554670",1.15160740740741,1554670,1,1,20.2648255660054,5.17115386232814,10,6.74289097490899e-06,"Pf3D7_10_v3.1554670","NON_SYNONYMOUS_CODING(MODERATE|MISSENSE|aaA/aaT|K314N|PF3D7_1038700|protein_coding|CODING|PF3D7_1038700.1|2)","NON_SYNONYMOUS_CODING","MODERATE","MISSENSE","aaA/aaT","K314N","PF3D7_1038700","protein_coding","CODING","PF3D7_1038700.1",2,NA
"Pf3D7_10_v3","Pf3D7_10_v3:1559634",1.15528444444444,1559634,1,1,104.964047292111,15.954589770191,10,1.11022302462516e-16,"Pf3D7_10_v3.1559634","SYNONYMOUS_CODING(LOW|SILENT|aaA/aaG|K558|PF3D7_1038800|protein_coding|CODING|PF3D7_1038800.1|2)","SYNONYMOUS_CODING","LOW","SILENT","aaA/aaG","K558","PF3D7_1038800","protein_coding","CODING","PF3D7_1038800.1",2,NA
"Pf3D7_10_v3","Pf3D7_10_v3:1560046",1.15558962962963,1560046,1,1,104.964047292111,15.954589770191,10,1.11022302462516e-16,"Pf3D7_10_v3.1560046","NON_SYNONYMOUS_CODING(MODERATE|MISSENSE|Aat/Cat|N696H|PF3D7_1038800|protein_coding|CODING|PF3D7_1038800.1|2)","NON_SYNONYMOUS_CODING","MODERATE","MISSENSE","Aat/Cat","N696H","PF3D7_1038800","protein_coding","CODING","PF3D7_1038800.1",2,NA
"Pf3D7_10_v3","Pf3D7_10_v3:1562279",1.1572437037037,1562279,1,1,121.561092323252,15.954589770191,10,1.11022302462516e-16,"Pf3D7_10_v3.1562279","UPSTREAM(MODIFIER||530||PF3D7_1038900|protein_coding|CODING|PF3D7_1038900.1|)","UPSTREAM","MODIFIER","","530","","PF3D7_1038900","protein_coding","CODING","PF3D7_1038900.1",NA,NA
"Pf3D7_10_v3","Pf3D7_10_v3:1565507",1.15963481481481,1565507,1,1,35.6248672731146,8.62121289539642,10,2.39214281716471e-09,"Pf3D7_10_v3.1565507","UPSTREAM(MODIFIER||3202||FIKK10.2|protein_coding|CODING|PF3D7_1039000.1|)","UPSTREAM","MODIFIER","","3202","","FIKK10.2","protein_coding","CODING","PF3D7_1039000.1",NA,NA
"Pf3D7_10_v3","Pf3D7_10_v3:1566064",1.16004740740741,1566064,1,1,186.992397764099,15.954589770191,10,1.11022302462516e-16,"Pf3D7_10_v3.1566064","UPSTREAM(MODIFIER||2645||FIKK10.2|protein_coding|CODING|PF3D7_1039000.1|)","UPSTREAM","MODIFIER","","2645","","FIKK10.2","protein_coding","CODING","PF3D7_1039000.1",NA,NA
"Pf3D7_10_v3","Pf3D7_10_v3:1566466",1.16034518518519,1566466,1,1,49.2144897281362,11.6393123307192,10,2.29449792499281e-12,"Pf3D7_10_v3.1566466","UPSTREAM(MODIFIER||2243||FIKK10.2|protein_coding|CODING|PF3D7_1039000.1|)","UPSTREAM","MODIFIER","","2243","","FIKK10.2","protein_coding","CODING","PF3D7_1039000.1",NA,NA
"Pf3D7_10_v3","Pf3D7_10_v3:1566615",1.16045555555556,1566615,1,1,36.0435803421698,8.71454749459556,10,1.92953431010778e-09,"Pf3D7_10_v3.1566615","UPSTREAM(MODIFIER||2094||FIKK10.2|protein_coding|CODING|PF3D7_1039000.1|)","UPSTREAM","MODIFIER","","2094","","FIKK10.2","protein_coding","CODING","PF3D7_1039000.1",NA,NA
"Pf3D7_10_v3","Pf3D7_10_v3:1568993",1.16221703703704,1568993,1,1,140.563756074065,15.954589770191,10,1.11022302462516e-16,"Pf3D7_10_v3.1568993","INTRON(MODIFIER||||FIKK10.2|protein_coding|CODING|PF3D7_1039000.1|1)","INTRON","MODIFIER","","","","FIKK10.2","protein_coding","CODING","PF3D7_1039000.1",1,NA
"Pf3D7_10_v3","Pf3D7_10_v3:1569672",1.16272,1569672,1,1,129.960756683908,15.954589770191,10,1.11022302462516e-16,"Pf3D7_10_v3.1569672","NON_SYNONYMOUS_CODING(MODERATE|MISSENSE|Ata/Tta|I272L|FIKK10.2|protein_coding|CODING|PF3D7_1039000.1|2)","NON_SYNONYMOUS_CODING","MODERATE","MISSENSE","Ata/Tta","I272L","FIKK10.2","protein_coding","CODING","PF3D7_1039000.1",2,NA
"Pf3D7_10_v3","Pf3D7_10_v3:1569812",1.1628237037037,1569812,1,1,49.2144897281362,11.6393123307192,10,2.29449792499281e-12,"Pf3D7_10_v3.1569812","NON_SYNONYMOUS_CODING(MODERATE|MISSENSE|gaA/gaT|E318D|FIKK10.2|protein_coding|CODING|PF3D7_1039000.1|2)","NON_SYNONYMOUS_CODING","MODERATE","MISSENSE","gaA/gaT","E318D","FIKK10.2","protein_coding","CODING","PF3D7_1039000.1",2,NA
"Pf3D7_10_v3","Pf3D7_10_v3:1569952",1.16292740740741,1569952,1,1,52.2134643714701,12.3029241662681,10,4.97824004241919e-13,"Pf3D7_10_v3.1569952","NON_SYNONYMOUS_CODING(MODERATE|MISSENSE|tAt/tGt|Y365C|FIKK10.2|protein_coding|CODING|PF3D7_1039000.1|2)","NON_SYNONYMOUS_CODING","MODERATE","MISSENSE","tAt/tGt","Y365C","FIKK10.2","protein_coding","CODING","PF3D7_1039000.1",2,NA
"Pf3D7_10_v3","Pf3D7_10_v3:1570102",1.16303851851852,1570102,1,1,82.8161642100642,15.954589770191,10,1.11022302462516e-16,"Pf3D7_10_v3.1570102","NON_SYNONYMOUS_CODING(MODERATE|MISSENSE|tAt/tGt|Y415C|FIKK10.2|protein_coding|CODING|PF3D7_1039000.1|2)","NON_SYNONYMOUS_CODING","MODERATE","MISSENSE","tAt/tGt","Y415C","FIKK10.2","protein_coding","CODING","PF3D7_1039000.1",2,NA
"Pf3D7_10_v3","Pf3D7_10_v3:1570114",1.16304740740741,1570114,1,1,72.6630183639182,15.954589770191,10,1.11022302462516e-16,"Pf3D7_10_v3.1570114","NON_SYNONYMOUS_CODING(MODERATE|MISSENSE|gAt/gGt|D419G|FIKK10.2|protein_coding|CODING|PF3D7_1039000.1|2)","NON_SYNONYMOUS_CODING","MODERATE","MISSENSE","gAt/gGt","D419G","FIKK10.2","protein_coding","CODING","PF3D7_1039000.1",2,NA
"Pf3D7_10_v3","Pf3D7_10_v3:1570136",1.1630637037037,1570136,1,1,20.5088279502649,5.22652907810292,10,5.93568604589922e-06,"Pf3D7_10_v3.1570136","SYNONYMOUS_CODING(LOW|SILENT|gaA/gaG|E426|FIKK10.2|protein_coding|CODING|PF3D7_1039000.1|2)","SYNONYMOUS_CODING","LOW","SILENT","gaA/gaG","E426","FIKK10.2","protein_coding","CODING","PF3D7_1039000.1",2,NA
"Pf3D7_12_v3","Pf3D7_12_v3:890755",0.659818518518519,890755,1,1,119.692442561931,15.954589770191,12,1.11022302462516e-16,"Pf3D7_12_v3.890755","NON_SYNONYMOUS_CODING(MODERATE|MISSENSE|Aag/Cag|K59Q|ApiAP2|protein_coding|CODING|PF3D7_1222400.1|1)","NON_SYNONYMOUS_CODING","MODERATE","MISSENSE","Aag/Cag","K59Q","ApiAP2","protein_coding","CODING","PF3D7_1222400.1",1,NA
"Pf3D7_12_v3","Pf3D7_12_v3:901117",0.667494074074074,901117,1,1,54.567247778068,12.8232919735934,12,1.50213175231783e-13,"Pf3D7_12_v3.901117","UPSTREAM(MODIFIER||41||PF3D7_1222500|protein_coding|CODING|PF3D7_1222500.1|)","UPSTREAM","MODIFIER","","41","","PF3D7_1222500","protein_coding","CODING","PF3D7_1222500.1",NA,NA
"Pf3D7_12_v3","Pf3D7_12_v3:903775",0.669462962962963,903775,1,1,24.9766774816582,6.23636226654966,12,5.80280175133119e-07,"Pf3D7_12_v3.903775","UPSTREAM(MODIFIER||2699||PF3D7_1222500|protein_coding|CODING|PF3D7_1222500.1|)","UPSTREAM","MODIFIER","","2699","","PF3D7_1222500","protein_coding","CODING","PF3D7_1222500.1",NA,NA
"Pf3D7_12_v3","Pf3D7_12_v3:903846",0.669515555555556,903846,1,1,20.6036725065535,5.24804649457424,12,5.64876497188838e-06,"Pf3D7_12_v3.903846","UPSTREAM(MODIFIER||2770||PF3D7_1222500|protein_coding|CODING|PF3D7_1222500.1|)","UPSTREAM","MODIFIER","","2770","","PF3D7_1222500","protein_coding","CODING","PF3D7_1222500.1",NA,NA
"Pf3D7_12_v3","Pf3D7_12_v3:910711",0.674600740740741,910711,1,1,80.2223842964742,15.954589770191,12,1.11022302462516e-16,"Pf3D7_12_v3.910711","NON_SYNONYMOUS_CODING(MODERATE|MISSENSE|cCt/cAt|P1170H|AP2-G|protein_coding|CODING|PF3D7_1222600.1|1)","NON_SYNONYMOUS_CODING","MODERATE","MISSENSE","cCt/cAt","P1170H","AP2-G","protein_coding","CODING","PF3D7_1222600.1",1,NA
"Pf3D7_12_v3","Pf3D7_12_v3:912840",0.676177777777778,912840,1,1,34.4130363105527,8.35093026820953,12,4.45727810216568e-09,"Pf3D7_12_v3.912840","NON_SYNONYMOUS_CODING(MODERATE|MISSENSE|Gac/Aac|D1880N|AP2-G|protein_coding|CODING|PF3D7_1222600.1|1)","NON_SYNONYMOUS_CODING","MODERATE","MISSENSE","Gac/Aac","D1880N","AP2-G","protein_coding","CODING","PF3D7_1222600.1",1,NA
"Pf3D7_12_v3","Pf3D7_12_v3:916181",0.678652592592593,916181,1,1,57.5391279904765,13.4803735061147,12,3.30846461338296e-14,"Pf3D7_12_v3.916181","UPSTREAM(MODIFIER||2541||GAP45|protein_coding|CODING|PF3D7_1222700.1|)","UPSTREAM","MODIFIER","","2541","","GAP45","protein_coding","CODING","PF3D7_1222700.1",NA,NA
"Pf3D7_12_v3","Pf3D7_12_v3:921446",0.682552592592593,921446,1,1,117.250942000218,15.954589770191,12,1.11022302462516e-16,"Pf3D7_12_v3.921446","UPSTREAM(MODIFIER||2081||PF3D7_1222900|protein_coding|CODING|PF3D7_1222900.1|)","UPSTREAM","MODIFIER","","2081","","PF3D7_1222900","protein_coding","CODING","PF3D7_1222900.1",NA,NA
"Pf3D7_12_v3","Pf3D7_12_v3:941075",0.697092592592593,941075,1,1,20.4409906119447,5.21113636708341,12,6.14983739455344e-06,"Pf3D7_12_v3.941075","UPSTREAM(MODIFIER||2436||GyrA|protein_coding|CODING|PF3D7_1223300.1|)","UPSTREAM","MODIFIER","","2436","","GyrA","protein_coding","CODING","PF3D7_1223300.1",NA,NA
"Pf3D7_12_v3","Pf3D7_12_v3:944301",0.699482222222222,944301,1,1,33.4975615229192,8.14658536928544,12,7.13533931939736e-09,"Pf3D7_12_v3.944301","SYNONYMOUS_CODING(LOW|SILENT|acG/acC|T1059|PF3D7_1223400|protein_coding|CODING|PF3D7_1223400.1|1)","SYNONYMOUS_CODING","LOW","SILENT","acG/acC","T1059","PF3D7_1223400","protein_coding","CODING","PF3D7_1223400.1",1,NA
"Pf3D7_12_v3","Pf3D7_12_v3:947559",0.701895555555556,947559,1,1,46.7036385046616,11.0831511131043,12,8.25750579025451e-12,"Pf3D7_12_v3.947559","DOWNSTREAM(MODIFIER||814||PF3D7_1223400|protein_coding|CODING|PF3D7_1223400.1|)","DOWNSTREAM","MODIFIER","","814","","PF3D7_1223400","protein_coding","CODING","PF3D7_1223400.1",NA,NA
"Pf3D7_12_v3","Pf3D7_12_v3:951788",0.705028148148148,951788,1,1,60.9125188063602,14.222196010368,12,5.99520433297584e-15,"Pf3D7_12_v3.951788","NON_SYNONYMOUS_CODING(MODERATE|MISSENSE|gGt/gAt|G3061D|PF3D7_1223500|protein_coding|CODING|PF3D7_1223500.1|1)","NON_SYNONYMOUS_CODING","MODERATE","MISSENSE","gGt/gAt","G3061D","PF3D7_1223500","protein_coding","CODING","PF3D7_1223500.1",1,NA
"Pf3D7_12_v3","Pf3D7_12_v3:954711",0.707193333333333,954711,1,1,33.4975615229192,8.14658536928544,12,7.13533931939736e-09,"Pf3D7_12_v3.954711","NON_SYNONYMOUS_CODING(MODERATE|MISSENSE|Aat/Tat|N2087Y|PF3D7_1223500|protein_coding|CODING|PF3D7_1223500.1|1)","NON_SYNONYMOUS_CODING","MODERATE","MISSENSE","Aat/Tat","N2087Y","PF3D7_1223500","protein_coding","CODING","PF3D7_1223500.1",1,NA
"Pf3D7_12_v3","Pf3D7_12_v3:967611",0.716748888888889,967611,1,1,207.562505549295,15.954589770191,12,1.11022302462516e-16,"Pf3D7_12_v3.967611","UPSTREAM(MODIFIER||120||PF3D7_1223600|protein_coding|CODING|PF3D7_1223600.1|)","UPSTREAM","MODIFIER","","120","","PF3D7_1223600","protein_coding","CODING","PF3D7_1223600.1",NA,NA
"Pf3D7_12_v3","Pf3D7_12_v3:971738",0.719805925925926,971738,1,1,31.0654269429333,7.60297190843146,12,2.49475609059857e-08,"Pf3D7_12_v3.971738","SYNONYMOUS_CODING(LOW|SILENT|gcC/gcG|A157|PF3D7_1223800|protein_coding|CODING|PF3D7_1223800.1|1)","SYNONYMOUS_CODING","LOW","SILENT","gcC/gcG","A157","PF3D7_1223800","protein_coding","CODING","PF3D7_1223800.1",1,NA
"Pf3D7_12_v3","Pf3D7_12_v3:974352",0.721742222222222,974352,1,1,220.185778901697,15.954589770191,12,1.11022302462516e-16,"Pf3D7_12_v3.974352","UPSTREAM(MODIFIER||959||PF3D7_1223900|protein_coding|CODING|PF3D7_1223900.1|)","UPSTREAM","MODIFIER","","959","","PF3D7_1223900","protein_coding","CODING","PF3D7_1223900.1",NA,NA
"Pf3D7_12_v3","Pf3D7_12_v3:974691",0.721993333333333,974691,1,1,86.5355215212872,15.954589770191,12,1.11022302462516e-16,"Pf3D7_12_v3.974691","NON_SYNONYMOUS_CODING(MODERATE|MISSENSE|tTa/tCa|L107S|GCH1|protein_coding|CODING|PF3D7_1224000.1|1)","NON_SYNONYMOUS_CODING","MODERATE","MISSENSE","tTa/tCa","L107S","GCH1","protein_coding","CODING","PF3D7_1224000.1",1,NA
