"snp_id","CHR","POSITION","IHS","LOGPVALUE","P","variant.id","chr","EFF","Effect","Effect_Impact","Functional_Class","Codon_Change","Amino_Acid_Change","Gene_Name","Transcript_BioType","Gene_Coding","Transcript_ID","Exon_Rank.","Genotype_Number"
"Pf3D7_01_v3.180293",1,180293,-5.64302720901319,7.77706012367879,1.6708592847287e-08,"Pf3D7_01_v3.180293","Pf3D7_01_v3","NON_SYNONYMOUS_CODING(MODERATE|MISSENSE|Cgt/Tgt|R627C|PF3D7_0104100|protein_coding|CODING|PF3D7_0104100.1|2)","NON_SYNONYMOUS_CODING","MODERATE","MISSENSE","Cgt/Tgt","R627C","PF3D7_0104100","protein_coding","CODING","PF3D7_0104100.1",2,NA
"Pf3D7_02_v3.843785",2,843785,-5.28937151464663,6.91102320490824,1.2273736492664e-07,"Pf3D7_02_v3.843785","Pf3D7_02_v3","NON_SYNONYMOUS_CODING(MODERATE|MISSENSE|aGa/aAa|R1331K|CLAG2|protein_coding|CODING|PF3D7_0220800.1|9)","NON_SYNONYMOUS_CODING","MODERATE","MISSENSE","aGa/aAa","R1331K","CLAG2","protein_coding","CODING","PF3D7_0220800.1",9,NA
"Pf3D7_04_v3.133311",4,133311,-5.4279672661916,7.24412902963254,5.69994900662904e-08,"Pf3D7_04_v3.133311","Pf3D7_04_v3","UPSTREAM(MODIFIER||4329||RH1|protein_coding|CODING|PF3D7_0402300.1|)","UPSTREAM","MODIFIER","","4329","","RH1","protein_coding","CODING","PF3D7_0402300.1",NA,NA
"Pf3D7_04_v3.1099914",4,1099914,-4.70027521153288,5.58534228568899,2.59811107575729e-06,"Pf3D7_04_v3.1099914","Pf3D7_04_v3","NON_SYNONYMOUS_CODING(MODERATE|MISSENSE|aAa/aGa|K35R|SURF4.2|protein_coding|CODING|PF3D7_0424400.1|1)","NON_SYNONYMOUS_CODING","MODERATE","MISSENSE","aAa/aGa","K35R","SURF4.2","protein_coding","CODING","PF3D7_0424400.1",1,NA
"Pf3D7_04_v3.1100213",4,1100213,-5.78995823800674,8.15240311529733,7.0403927121117e-09,"Pf3D7_04_v3.1100213","Pf3D7_04_v3","NON_SYNONYMOUS_CODING(MODERATE|MISSENSE|Tat/Gat|Y135D|SURF4.2|protein_coding|CODING|PF3D7_0424400.1|1)","NON_SYNONYMOUS_CODING","MODERATE","MISSENSE","Tat/Gat","Y135D","SURF4.2","protein_coding","CODING","PF3D7_0424400.1",1,NA
"Pf3D7_04_v3.1100315",4,1100315,-6.51716862849198,10.144802790123,7.16468679426372e-11,"Pf3D7_04_v3.1100315","Pf3D7_04_v3","NON_SYNONYMOUS_CODING(MODERATE|MISSENSE|Gat/Aat|D169N|SURF4.2|protein_coding|CODING|PF3D7_0424400.1|1)","NON_SYNONYMOUS_CODING","MODERATE","MISSENSE","Gat/Aat","D169N","SURF4.2","protein_coding","CODING","PF3D7_0424400.1",1,NA
"Pf3D7_04_v3.1100457",4,1100457,-6.08175965533761,8.9249253030342,1.18870666278923e-09,"Pf3D7_04_v3.1100457","Pf3D7_04_v3","NON_SYNONYMOUS_CODING(MODERATE|MISSENSE|cCa/cTa|P216L|SURF4.2|protein_coding|CODING|PF3D7_0424400.1|1)","NON_SYNONYMOUS_CODING","MODERATE","MISSENSE","cCa/cTa","P216L","SURF4.2","protein_coding","CODING","PF3D7_0424400.1",1,NA
"Pf3D7_05_v3.480833",5,480833,-4.78623985357586,5.76971727274568,1.69934957506798e-06,"Pf3D7_05_v3.480833","Pf3D7_05_v3","UPSTREAM(MODIFIER||1951||PF3D7_0511300|protein_coding|CODING|PF3D7_0511300.1|)","UPSTREAM","MODIFIER","","1951","","PF3D7_0511300","protein_coding","CODING","PF3D7_0511300.1",NA,NA
"Pf3D7_06_v3.824823",6,824823,-5.2475003009389,6.81198097845681,1.54176797893757e-07,"Pf3D7_06_v3.824823","Pf3D7_06_v3","UPSTREAM(MODIFIER||576||ACS12|protein_coding|CODING|PF3D7_0619500.1|)","UPSTREAM","MODIFIER","","576","","ACS12","protein_coding","CODING","PF3D7_0619500.1",NA,NA
"Pf3D7_06_v3.1114370",6,1114370,-5.3655540630255,7.09312053168266,8.0701102579998e-08,"Pf3D7_06_v3.1114370","Pf3D7_06_v3","DOWNSTREAM(MODIFIER||2730||PF3D7_0627700|protein_coding|CODING|PF3D7_0627700.1|)","DOWNSTREAM","MODIFIER","","2730","","PF3D7_0627700","protein_coding","CODING","PF3D7_0627700.1",NA,NA
"Pf3D7_06_v3.1114517",6,1114517,-4.8197957808157,5.84252736857246,1.43705248965797e-06,"Pf3D7_06_v3.1114517","Pf3D7_06_v3","DOWNSTREAM(MODIFIER||2877||PF3D7_0627700|protein_coding|CODING|PF3D7_0627700.1|)","DOWNSTREAM","MODIFIER","","2877","","PF3D7_0627700","protein_coding","CODING","PF3D7_0627700.1",NA,NA
"Pf3D7_06_v3.1114564",6,1114564,-5.03799109065623,6.32749267959128,4.70443335388028e-07,"Pf3D7_06_v3.1114564","Pf3D7_06_v3","NON_SYNONYMOUS_CODING(MODERATE|MISSENSE|Cat/Gat|H992D|ACS|protein_coding|CODING|PF3D7_0627800.1|1)","NON_SYNONYMOUS_CODING","MODERATE","MISSENSE","Cat/Gat","H992D","ACS","protein_coding","CODING","PF3D7_0627800.1",1,NA
"Pf3D7_06_v3.1114587",6,1114587,-5.03799109065623,6.32749267959128,4.70443335388028e-07,"Pf3D7_06_v3.1114587","Pf3D7_06_v3","NON_SYNONYMOUS_CODING(MODERATE|MISSENSE|aTt/aAt|I984N|ACS|protein_coding|CODING|PF3D7_0627800.1|1)","NON_SYNONYMOUS_CODING","MODERATE","MISSENSE","aTt/aAt","I984N","ACS","protein_coding","CODING","PF3D7_0627800.1",1,NA
"Pf3D7_06_v3.1114625",6,1114625,-5.03799109065623,6.32749267959127,4.7044333538803e-07,"Pf3D7_06_v3.1114625","Pf3D7_06_v3","SYNONYMOUS_CODING(LOW|SILENT|tcT/tcG|S971|ACS|protein_coding|CODING|PF3D7_0627800.1|1)","SYNONYMOUS_CODING","LOW","SILENT","tcT/tcG","S971","ACS","protein_coding","CODING","PF3D7_0627800.1",1,NA
"Pf3D7_06_v3.1114908",6,1114908,-5.03799109065623,6.32749267959127,4.7044333538803e-07,"Pf3D7_06_v3.1114908","Pf3D7_06_v3","NON_SYNONYMOUS_CODING(MODERATE|MISSENSE|aGt/aAt|S877N|ACS|protein_coding|CODING|PF3D7_0627800.1|1)","NON_SYNONYMOUS_CODING","MODERATE","MISSENSE","aGt/aAt","S877N","ACS","protein_coding","CODING","PF3D7_0627800.1",1,NA
"Pf3D7_06_v3.1114928",6,1114928,-5.03799109065623,6.32749267959127,4.7044333538803e-07,"Pf3D7_06_v3.1114928","Pf3D7_06_v3","SYNONYMOUS_CODING(LOW|SILENT|ggT/ggC|G870|ACS|protein_coding|CODING|PF3D7_0627800.1|1)","SYNONYMOUS_CODING","LOW","SILENT","ggT/ggC","G870","ACS","protein_coding","CODING","PF3D7_0627800.1",1,NA
"Pf3D7_06_v3.1114951",6,1114951,-5.03799109065623,6.32749267959127,4.7044333538803e-07,"Pf3D7_06_v3.1114951","Pf3D7_06_v3","NON_SYNONYMOUS_CODING(MODERATE|MISSENSE|Gac/Aac|D863N|ACS|protein_coding|CODING|PF3D7_0627800.1|1)","NON_SYNONYMOUS_CODING","MODERATE","MISSENSE","Gac/Aac","D863N","ACS","protein_coding","CODING","PF3D7_0627800.1",1,NA
"Pf3D7_06_v3.1115372",6,1115372,-5.22416022593109,6.75709288859724,1.74947246461335e-07,"Pf3D7_06_v3.1115372","Pf3D7_06_v3","SYNONYMOUS_CODING(LOW|SILENT|ttC/ttT|F722|ACS|protein_coding|CODING|PF3D7_0627800.1|1)","SYNONYMOUS_CODING","LOW","SILENT","ttC/ttT","F722","ACS","protein_coding","CODING","PF3D7_0627800.1",1,NA
"Pf3D7_06_v3.1116101",6,1116101,-4.46445510855293,5.09543171670076,8.02727762317605e-06,"Pf3D7_06_v3.1116101","Pf3D7_06_v3","NON_SYNONYMOUS_CODING(MODERATE|MISSENSE|aaA/aaC|K479N|ACS|protein_coding|CODING|PF3D7_0627800.1|1)","NON_SYNONYMOUS_CODING","MODERATE","MISSENSE","aaA/aaC","K479N","ACS","protein_coding","CODING","PF3D7_0627800.1",1,NA
"Pf3D7_06_v3.1116170",6,1116170,-4.46170863296881,5.08986281658504,8.13087310767054e-06,"Pf3D7_06_v3.1116170","Pf3D7_06_v3","SYNONYMOUS_CODING(LOW|SILENT|agT/agC|S456|ACS|protein_coding|CODING|PF3D7_0627800.1|1)","SYNONYMOUS_CODING","LOW","SILENT","agT/agC","S456","ACS","protein_coding","CODING","PF3D7_0627800.1",1,NA
"Pf3D7_06_v3.1116314",6,1116314,-4.46170863296881,5.08986281658504,8.13087310767049e-06,"Pf3D7_06_v3.1116314","Pf3D7_06_v3","SYNONYMOUS_CODING(LOW|SILENT|caA/caG|Q408|ACS|protein_coding|CODING|PF3D7_0627800.1|1)","SYNONYMOUS_CODING","LOW","SILENT","caA/caG","Q408","ACS","protein_coding","CODING","PF3D7_0627800.1",1,NA
"Pf3D7_06_v3.1255300",6,1255300,-4.74478048350139,5.68040978066316,2.08732569511749e-06,"Pf3D7_06_v3.1255300","Pf3D7_06_v3","NON_SYNONYMOUS_CODING(MODERATE|MISSENSE|ttC/ttA|F547L|PF3D7_0630100|protein_coding|CODING|PF3D7_0630100.1|1)","NON_SYNONYMOUS_CODING","MODERATE","MISSENSE","ttC/ttA","F547L","PF3D7_0630100","protein_coding","CODING","PF3D7_0630100.1",1,NA
"Pf3D7_06_v3.1268778",6,1268778,-4.67138214439259,5.52406781702925,2.99179741755818e-06,"Pf3D7_06_v3.1268778","Pf3D7_06_v3","SYNONYMOUS_CODING(LOW|SILENT|aaT/aaC|N238|PF3D7_0630300|protein_coding|CODING|PF3D7_0630300.1|2)","SYNONYMOUS_CODING","LOW","SILENT","aaT/aaC","N238","PF3D7_0630300","protein_coding","CODING","PF3D7_0630300.1",2,NA
"Pf3D7_07_v3.1160912",7,1160912,-4.58846595760045,5.35016384667776,4.46515103207202e-06,"Pf3D7_07_v3.1160912","Pf3D7_07_v3","NON_SYNONYMOUS_CODING(MODERATE|MISSENSE|aaT/aaA|N303K|DNMT|protein_coding|CODING|PF3D7_0727300.1|1)","NON_SYNONYMOUS_CODING","MODERATE","MISSENSE","aaT/aaA","N303K","DNMT","protein_coding","CODING","PF3D7_0727300.1",1,NA
"Pf3D7_08_v3.417751",8,417751,-4.99859438530621,6.23844998672178,5.77497373383506e-07,"Pf3D7_08_v3.417751","Pf3D7_08_v3","SYNONYMOUS_CODING(LOW|SILENT|acG/acA|T105|PF3D7_0808200|protein_coding|CODING|PF3D7_0808200.1|1)","SYNONYMOUS_CODING","LOW","SILENT","acG/acA","T105","PF3D7_0808200","protein_coding","CODING","PF3D7_0808200.1",1,NA
"Pf3D7_08_v3.490546",8,490546,-5.21299504610688,6.73091721928153,1.85815860429664e-07,"Pf3D7_08_v3.490546","Pf3D7_08_v3","SYNONYMOUS_CODING(LOW|SILENT|aaT/aaC|N2279|PF3D7_0809600|protein_coding|CODING|PF3D7_0809600.1|1)","SYNONYMOUS_CODING","LOW","SILENT","aaT/aaC","N2279","PF3D7_0809600","protein_coding","CODING","PF3D7_0809600.1",1,NA
"Pf3D7_08_v3.490636",8,490636,-5.69170812774226,7.90040663702853,1.25774721100531e-08,"Pf3D7_08_v3.490636","Pf3D7_08_v3","SYNONYMOUS_CODING(LOW|SILENT|tcG/tcC|S2249|PF3D7_0809600|protein_coding|CODING|PF3D7_0809600.1|1)","SYNONYMOUS_CODING","LOW","SILENT","tcG/tcC","S2249","PF3D7_0809600","protein_coding","CODING","PF3D7_0809600.1",1,NA
"Pf3D7_08_v3.490710",8,490710,-5.32663406994454,6.9997853436702,1.00049438663392e-07,"Pf3D7_08_v3.490710","Pf3D7_08_v3","NON_SYNONYMOUS_CODING(MODERATE|MISSENSE|Cgt/Tgt|R2225C|PF3D7_0809600|protein_coding|CODING|PF3D7_0809600.1|1)","NON_SYNONYMOUS_CODING","MODERATE","MISSENSE","Cgt/Tgt","R2225C","PF3D7_0809600","protein_coding","CODING","PF3D7_0809600.1",1,NA
"Pf3D7_08_v3.490762",8,490762,-5.32663406994454,6.9997853436702,1.00049438663392e-07,"Pf3D7_08_v3.490762","Pf3D7_08_v3","SYNONYMOUS_CODING(LOW|SILENT|ttG/ttA|L2207|PF3D7_0809600|protein_coding|CODING|PF3D7_0809600.1|1)","SYNONYMOUS_CODING","LOW","SILENT","ttG/ttA","L2207","PF3D7_0809600","protein_coding","CODING","PF3D7_0809600.1",1,NA
"Pf3D7_08_v3.1310903",8,1310903,-4.73873109465153,5.66743900515075,2.15060670187545e-06,"Pf3D7_08_v3.1310903","Pf3D7_08_v3","NON_SYNONYMOUS_CODING(MODERATE|MISSENSE|aaT/aaG|N89K|SURF8.2|protein_coding|CODING|PF3D7_0830800.1|1)","NON_SYNONYMOUS_CODING","MODERATE","MISSENSE","aaT/aaG","N89K","SURF8.2","protein_coding","CODING","PF3D7_0830800.1",1,NA
"Pf3D7_08_v3.1311637",8,1311637,-4.90512048958235,6.02979261533057,9.33700055602561e-07,"Pf3D7_08_v3.1311637","Pf3D7_08_v3","NON_SYNONYMOUS_CODING(MODERATE|MISSENSE|cGt/cCt|R334P|SURF8.2|protein_coding|CODING|PF3D7_0830800.1|1)","NON_SYNONYMOUS_CODING","MODERATE","MISSENSE","cGt/cCt","R334P","SURF8.2","protein_coding","CODING","PF3D7_0830800.1",1,NA
"Pf3D7_08_v3.1311994",8,1311994,-4.81371336133676,5.82929463368055,1.48151265761935e-06,"Pf3D7_08_v3.1311994","Pf3D7_08_v3","NON_SYNONYMOUS_CODING(MODERATE|MISSENSE|tCt/tTt|S453F|SURF8.2|protein_coding|CODING|PF3D7_0830800.1|1)","NON_SYNONYMOUS_CODING","MODERATE","MISSENSE","tCt/tTt","S453F","SURF8.2","protein_coding","CODING","PF3D7_0830800.1",1,NA
"Pf3D7_09_v3.600980",9,600980,-5.04660355929525,6.34704507729447,4.49733172727987e-07,"Pf3D7_09_v3.600980","Pf3D7_09_v3","UPSTREAM(MODIFIER||3746||PF3D7_0913900|protein_coding|CODING|PF3D7_0913900.1|)","UPSTREAM","MODIFIER","","3746","","PF3D7_0913900","protein_coding","CODING","PF3D7_0913900.1",NA,NA
"Pf3D7_09_v3.1202321",9,1202321,-4.55823216541651,5.28746818427588,5.15859954769229e-06,"Pf3D7_09_v3.1202321","Pf3D7_09_v3","SYNONYMOUS_CODING(LOW|SILENT|ttA/ttG|L170|MSP1|protein_coding|CODING|PF3D7_0930300.1|1)","SYNONYMOUS_CODING","LOW","SILENT","ttA/ttG","L170","MSP1","protein_coding","CODING","PF3D7_0930300.1",1,NA
"Pf3D7_09_v3.1202327",9,1202327,-4.55823216541651,5.28746818427588,5.15859954769229e-06,"Pf3D7_09_v3.1202327","Pf3D7_09_v3","SYNONYMOUS_CODING(LOW|SILENT|ttG/ttA|L172|MSP1|protein_coding|CODING|PF3D7_0930300.1|1)","SYNONYMOUS_CODING","LOW","SILENT","ttG/ttA","L172","MSP1","protein_coding","CODING","PF3D7_0930300.1",1,NA
"Pf3D7_09_v3.1202329",9,1202329,-4.55823216541651,5.28746818427588,5.15859954769231e-06,"Pf3D7_09_v3.1202329","Pf3D7_09_v3","NON_SYNONYMOUS_CODING(MODERATE|MISSENSE|tGt/tCt|C173S|MSP1|protein_coding|CODING|PF3D7_0930300.1|1)","NON_SYNONYMOUS_CODING","MODERATE","MISSENSE","tGt/tCt","C173S","MSP1","protein_coding","CODING","PF3D7_0930300.1",1,NA
"Pf3D7_09_v3.1202331",9,1202331,-4.55823216541651,5.28746818427588,5.15859954769229e-06,"Pf3D7_09_v3.1202331","Pf3D7_09_v3","NON_SYNONYMOUS_CODING(MODERATE|MISSENSE|Gat/Aat|D174N|MSP1|protein_coding|CODING|PF3D7_0930300.1|1)","NON_SYNONYMOUS_CODING","MODERATE","MISSENSE","Gat/Aat","D174N","MSP1","protein_coding","CODING","PF3D7_0930300.1",1,NA
"Pf3D7_09_v3.1202333",9,1202333,-4.55823216541651,5.28746818427588,5.15859954769231e-06,"Pf3D7_09_v3.1202333","Pf3D7_09_v3","NON_SYNONYMOUS_CODING(MODERATE|MISSENSE|gaT/gaA|D174E|MSP1|protein_coding|CODING|PF3D7_0930300.1|1)","NON_SYNONYMOUS_CODING","MODERATE","MISSENSE","gaT/gaA","D174E","MSP1","protein_coding","CODING","PF3D7_0930300.1",1,NA
"Pf3D7_09_v3.1202337",9,1202337,-4.55823216541651,5.28746818427588,5.15859954769231e-06,"Pf3D7_09_v3.1202337","Pf3D7_09_v3","NON_SYNONYMOUS_CODING(MODERATE|MISSENSE|Att/Gtt|I176V|MSP1|protein_coding|CODING|PF3D7_0930300.1|1)","NON_SYNONYMOUS_CODING","MODERATE","MISSENSE","Att/Gtt","I176V","MSP1","protein_coding","CODING","PF3D7_0930300.1",1,NA
"Pf3D7_09_v3.1202340",9,1202340,-4.55823216541651,5.28746818427588,5.15859954769231e-06,"Pf3D7_09_v3.1202340","Pf3D7_09_v3","NON_SYNONYMOUS_CODING(MODERATE|MISSENSE|Cat/Gat|H177D|MSP1|protein_coding|CODING|PF3D7_0930300.1|1)","NON_SYNONYMOUS_CODING","MODERATE","MISSENSE","Cat/Gat","H177D","MSP1","protein_coding","CODING","PF3D7_0930300.1",1,NA
"Pf3D7_09_v3.1436609",9,1436609,-4.62853433956668,5.43384214365631,3.68262804622665e-06,"Pf3D7_09_v3.1436609","Pf3D7_09_v3","UPSTREAM(MODIFIER||2501||PF3D7_0936200|protein_coding|CODING|PF3D7_0936200.1|)","UPSTREAM","MODIFIER","","2501","","PF3D7_0936200","protein_coding","CODING","PF3D7_0936200.1",NA,NA
"Pf3D7_11_v3.467782",11,467782,-5.08162811239578,6.42688055395754,3.74213495807699e-07,"Pf3D7_11_v3.467782","Pf3D7_11_v3","SYNONYMOUS_CODING(LOW|SILENT|ccC/ccA|P1831|PF3D7_1112100|protein_coding|CODING|PF3D7_1112100.1|1)","SYNONYMOUS_CODING","LOW","SILENT","ccC/ccA","P1831","PF3D7_1112100","protein_coding","CODING","PF3D7_1112100.1",1,NA
"Pf3D7_11_v3.1294374",11,1294374,-5.01179048208772,6.26820258564945,5.39259015307542e-07,"Pf3D7_11_v3.1294374","Pf3D7_11_v3","NON_SYNONYMOUS_CODING(MODERATE|MISSENSE|aaT/aaA|N173K|AMA1|protein_coding|CODING|PF3D7_1133400.1|1)","NON_SYNONYMOUS_CODING","MODERATE","MISSENSE","aaT/aaA","N173K","AMA1","protein_coding","CODING","PF3D7_1133400.1",1,NA
"Pf3D7_11_v3.1294451",11,1294451,-7.80875642044339,14.238410456009,5.77549941221125e-15,"Pf3D7_11_v3.1294451","Pf3D7_11_v3","NON_SYNONYMOUS_CODING(MODERATE|MISSENSE|aGa/aAa|R199K|AMA1|protein_coding|CODING|PF3D7_1133400.1|1)","NON_SYNONYMOUS_CODING","MODERATE","MISSENSE","aGa/aAa","R199K","AMA1","protein_coding","CODING","PF3D7_1133400.1",1,NA
"Pf3D7_11_v3.1294584",11,1294584,-5.10612541315151,6.48302659622306,3.28831492596802e-07,"Pf3D7_11_v3.1294584","Pf3D7_11_v3","NON_SYNONYMOUS_CODING(MODERATE|MISSENSE|aaA/aaT|K243N|AMA1|protein_coding|CODING|PF3D7_1133400.1|1)","NON_SYNONYMOUS_CODING","MODERATE","MISSENSE","aaA/aaT","K243N","AMA1","protein_coding","CODING","PF3D7_1133400.1",1,NA
"Pf3D7_11_v3.1294590",11,1294590,-6.43633995261066,9.91225848042662,1.22388755740648e-10,"Pf3D7_11_v3.1294590","Pf3D7_11_v3","NON_SYNONYMOUS_CODING(MODERATE|MISSENSE|aaA/aaT|K245N|AMA1|protein_coding|CODING|PF3D7_1133400.1|1)","NON_SYNONYMOUS_CODING","MODERATE","MISSENSE","aaA/aaT","K245N","AMA1","protein_coding","CODING","PF3D7_1133400.1",1,NA
"Pf3D7_11_v3.1294843",11,1294843,-5.18455570142858,6.66448106914954,2.16530426263426e-07,"Pf3D7_11_v3.1294843","Pf3D7_11_v3","NON_SYNONYMOUS_CODING(MODERATE|MISSENSE|Cca/Tca|P330S|AMA1|protein_coding|CODING|PF3D7_1133400.1|1)","NON_SYNONYMOUS_CODING","MODERATE","MISSENSE","Cca/Tca","P330S","AMA1","protein_coding","CODING","PF3D7_1133400.1",1,NA
"Pf3D7_11_v3.1815385",11,1815385,-4.80489898646057,5.81014585612775,1.54829654215876e-06,"Pf3D7_11_v3.1815385","Pf3D7_11_v3","NON_SYNONYMOUS_CODING(MODERATE|MISSENSE|Cta/Ata|L774I|PF3D7_1145800|protein_coding|CODING|PF3D7_1145800.1|1)","NON_SYNONYMOUS_CODING","MODERATE","MISSENSE","Cta/Ata","L774I","PF3D7_1145800","protein_coding","CODING","PF3D7_1145800.1",1,NA
"Pf3D7_13_v3.102931",13,102931,-5.96361158417327,8.60779066318937,2.46722829373149e-09,"Pf3D7_13_v3.102931","Pf3D7_13_v3","DOWNSTREAM(MODIFIER||2410||GEXP07|protein_coding|CODING|PF3D7_1301700.1|)","DOWNSTREAM","MODIFIER","","2410","","GEXP07","protein_coding","CODING","PF3D7_1301700.1",NA,NA
"Pf3D7_13_v3.103106",13,103106,-5.1755020832654,6.64340267679526,2.27298894356937e-07,"Pf3D7_13_v3.103106","Pf3D7_13_v3","DOWNSTREAM(MODIFIER||2585||GEXP07|protein_coding|CODING|PF3D7_1301700.1|)","DOWNSTREAM","MODIFIER","","2585","","GEXP07","protein_coding","CODING","PF3D7_1301700.1",NA,NA
"Pf3D7_13_v3.106200",13,106200,-4.67082166432875,5.52288264281011,2.99997307693892e-06,"Pf3D7_13_v3.106200","Pf3D7_13_v3","DOWNSTREAM(MODIFIER||3495||PF3D7_1301900|protein_coding|CODING|PF3D7_1301900.1|)","DOWNSTREAM","MODIFIER","","3495","","PF3D7_1301900","protein_coding","CODING","PF3D7_1301900.1",NA,NA
"Pf3D7_13_v3.1465686",13,1465686,4.97251127482246,6.17985684817615,6.60911261185866e-07,"Pf3D7_13_v3.1465686","Pf3D7_13_v3","NON_SYNONYMOUS_CODING(MODERATE|MISSENSE|Gct/Tct|A312S|TRAP|protein_coding|CODING|PF3D7_1335900.1|1)","NON_SYNONYMOUS_CODING","MODERATE","MISSENSE","Gct/Tct","A312S","TRAP","protein_coding","CODING","PF3D7_1335900.1",1,NA
"Pf3D7_13_v3.1465688",13,1465688,4.97251127482246,6.17985684817615,6.60911261185866e-07,"Pf3D7_13_v3.1465688","Pf3D7_13_v3","NON_SYNONYMOUS_CODING(MODERATE|MISSENSE|tTt/tCt|F311S|TRAP|protein_coding|CODING|PF3D7_1335900.1|1)","NON_SYNONYMOUS_CODING","MODERATE","MISSENSE","tTt/tCt","F311S","TRAP","protein_coding","CODING","PF3D7_1335900.1",1,NA
"Pf3D7_13_v3.1465892",13,1465892,-6.60101385638016,10.3889617181175,4.08355380167168e-11,"Pf3D7_13_v3.1465892","Pf3D7_13_v3","NON_SYNONYMOUS_CODING(MODERATE|MISSENSE|aGt/aAt|S243N|TRAP|protein_coding|CODING|PF3D7_1335900.1|1)","NON_SYNONYMOUS_CODING","MODERATE","MISSENSE","aGt/aAt","S243N","TRAP","protein_coding","CODING","PF3D7_1335900.1",1,NA
"Pf3D7_13_v3.1465965",13,1465965,-4.70935742816725,5.60467541621278,2.48498964744677e-06,"Pf3D7_13_v3.1465965","Pf3D7_13_v3","NON_SYNONYMOUS_CODING(MODERATE|MISSENSE|Gca/Aca|A219T|TRAP|protein_coding|CODING|PF3D7_1335900.1|1)","NON_SYNONYMOUS_CODING","MODERATE","MISSENSE","Gca/Aca","A219T","TRAP","protein_coding","CODING","PF3D7_1335900.1",1,NA
"Pf3D7_13_v3.1466112",13,1466112,-6.15351899220284,9.12043223618415,7.57822968238545e-10,"Pf3D7_13_v3.1466112","Pf3D7_13_v3","NON_SYNONYMOUS_CODING(MODERATE|MISSENSE|Gat/Aat|D170N|TRAP|protein_coding|CODING|PF3D7_1335900.1|1)","NON_SYNONYMOUS_CODING","MODERATE","MISSENSE","Gat/Aat","D170N","TRAP","protein_coding","CODING","PF3D7_1335900.1",1,NA
"Pf3D7_13_v3.1466124",13,1466124,4.41797873323167,5.00161762481056,9.96282209385635e-06,"Pf3D7_13_v3.1466124","Pf3D7_13_v3","NON_SYNONYMOUS_CODING(MODERATE|MISSENSE|Gat/Aat|D166N|TRAP|protein_coding|CODING|PF3D7_1335900.1|1)","NON_SYNONYMOUS_CODING","MODERATE","MISSENSE","Gat/Aat","D166N","TRAP","protein_coding","CODING","PF3D7_1335900.1",1,NA
"Pf3D7_13_v3.1466252",13,1466252,-4.76615018873738,5.72635226674752,1.87779307558105e-06,"Pf3D7_13_v3.1466252","Pf3D7_13_v3","NON_SYNONYMOUS_CODING(MODERATE|MISSENSE|aGt/aAt|S123N|TRAP|protein_coding|CODING|PF3D7_1335900.1|1)","NON_SYNONYMOUS_CODING","MODERATE","MISSENSE","aGt/aAt","S123N","TRAP","protein_coding","CODING","PF3D7_1335900.1",1,NA
"Pf3D7_13_v3.2115206",13,2115206,-4.57585506099969,5.32396625971722,4.74278830490685e-06,"Pf3D7_13_v3.2115206","Pf3D7_13_v3","NON_SYNONYMOUS_CODING(MODERATE|MISSENSE|Cat/Tat|H234Y|PF3D7_1352900|protein_coding|CODING|PF3D7_1352900.1|3)","NON_SYNONYMOUS_CODING","MODERATE","MISSENSE","Cat/Tat","H234Y","PF3D7_1352900","protein_coding","CODING","PF3D7_1352900.1",3,NA
"Pf3D7_14_v3.1549740",14,1549740,-4.55892765002256,5.2889061152473,5.14154788333988e-06,"Pf3D7_14_v3.1549740","Pf3D7_14_v3","INTRON(MODIFIER||||MCA2|protein_coding|CODING|PF3D7_1438400.1|1)","INTRON","MODIFIER","","","","MCA2","protein_coding","CODING","PF3D7_1438400.1",1,NA
"Pf3D7_14_v3.2185417",14,2185417,4.60575166392324,5.38618077481007,4.10978615900538e-06,"Pf3D7_14_v3.2185417","Pf3D7_14_v3","NON_SYNONYMOUS_CODING(MODERATE|MISSENSE|aAt/aTt|N1230I|PF3D7_1453200|protein_coding|CODING|PF3D7_1453200.1|16)","NON_SYNONYMOUS_CODING","MODERATE","MISSENSE","aAt/aTt","N1230I","PF3D7_1453200","protein_coding","CODING","PF3D7_1453200.1",16,NA
"Pf3D7_14_v3.2185421",14,2185421,4.60575166392324,5.38618077481007,4.10978615900538e-06,"Pf3D7_14_v3.2185421","Pf3D7_14_v3","NON_SYNONYMOUS_CODING(MODERATE|MISSENSE|atG/atT|M1231I|PF3D7_1453200|protein_coding|CODING|PF3D7_1453200.1|16)","NON_SYNONYMOUS_CODING","MODERATE","MISSENSE","atG/atT","M1231I","PF3D7_1453200","protein_coding","CODING","PF3D7_1453200.1",16,NA
"Pf3D7_14_v3.2929649",14,2929649,4.56540677203694,5.30231156485182,4.98526713791754e-06,"Pf3D7_14_v3.2929649","Pf3D7_14_v3","NON_SYNONYMOUS_CODING(MODERATE|MISSENSE|agG/agT|R1172S|PF3D7_1471600|protein_coding|CODING|PF3D7_1471600.1|1)","NON_SYNONYMOUS_CODING","MODERATE","MISSENSE","agG/agT","R1172S","PF3D7_1471600","protein_coding","CODING","PF3D7_1471600.1",1,NA
"Pf3D7_14_v3.3121227",14,3121227,-5.67392057379976,7.85522080121223,1.39565860885791e-08,"Pf3D7_14_v3.3121227","Pf3D7_14_v3","NON_SYNONYMOUS_CODING(MODERATE|MISSENSE|cGt/cAt|R125H|PF3D7_1475800|protein_coding|CODING|PF3D7_1475800.1|1)","NON_SYNONYMOUS_CODING","MODERATE","MISSENSE","cGt/cAt","R125H","PF3D7_1475800","protein_coding","CODING","PF3D7_1475800.1",1,NA
"Pf3D7_14_v3.3121524",14,3121524,-4.62426011839069,5.424883931733,3.75937862912203e-06,"Pf3D7_14_v3.3121524","Pf3D7_14_v3","NON_SYNONYMOUS_CODING(MODERATE|MISSENSE|aAg/aGg|K202R|PF3D7_1475800|protein_coding|CODING|PF3D7_1475800.1|2)","NON_SYNONYMOUS_CODING","MODERATE","MISSENSE","aAg/aGg","K202R","PF3D7_1475800","protein_coding","CODING","PF3D7_1475800.1",2,NA
"Pf3D7_14_v3.3121559",14,3121559,-4.57842998814366,5.32930995439776,4.6847891110309e-06,"Pf3D7_14_v3.3121559","Pf3D7_14_v3","NON_SYNONYMOUS_CODING(MODERATE|MISSENSE|Cca/Aca|P214T|PF3D7_1475800|protein_coding|CODING|PF3D7_1475800.1|2)","NON_SYNONYMOUS_CODING","MODERATE","MISSENSE","Cca/Aca","P214T","PF3D7_1475800","protein_coding","CODING","PF3D7_1475800.1",2,NA
"Pf3D7_14_v3.3126354",14,3126354,-4.49675867887306,5.16116838813927,6.89972230404461e-06,"Pf3D7_14_v3.3126354","Pf3D7_14_v3","NON_SYNONYMOUS_CODING(MODERATE|MISSENSE|tAt/tTt|Y673F|PF3D7_1475900|protein_coding|CODING|PF3D7_1475900.1|1)","NON_SYNONYMOUS_CODING","MODERATE","MISSENSE","tAt/tTt","Y673F","PF3D7_1475900","protein_coding","CODING","PF3D7_1475900.1",1,NA
